player_name,team_initials,match_id,line_up,event,position,shirt_number
TAGLIAFICO NICOLAS,ARG,23,,,,
PAVON CRISTIAN,ARG,23,,,,
LANZINI MANUEL,ARG,23,,,,
SALVIO EDUARDO,ARG,23,,,,
MESSI LIONEL,ARG,23,,,,
ANSALDI CRISTIAN,ARG,23,,,,
BIGLIA LUCAS,ARG,23,,,,
BANEGA EVER,ARG,23,,,,
MASCHERANO JAVIER,ARG,23,,,,
DYBALA PAULO,ARG,23,,,,
AGUERO SERGIO,ARG,23,,,,
HIGUAIN GONZALO,ARG,23,,,,
DI MARIA ANGEL,ARG,23,,,,
LO CELSO GIOVANI,ARG,23,,,,
MEZA MAXIMILIANO,ARG,23,,,,
ACUNA MARCOS,ARG,23,,,,
CABALLERO WILFREDO,ARG,23,,,GK,
MERCADO GABRIEL,ARG,23,,,,
OTAMENDI NICOLAS,ARG,23,,,,
ROJO MARCOS,ARG,23,,,,
FAZIO FEDERICO,ARG,23,,,,
ARMANI FRANCO,ARG,23,,,GK,
GUZMAN NAHUEL,ARG,23,,,GK,
MODRIC LUKA,CRO,23,,G80',,
BROZOVIC MARCELO,CRO,23,,,,
PIVARIC JOSIP,CRO,23,,,,
KRAMARIC ANDREJ,CRO,23,,,,
VRSALJKO SIME,CRO,23,,,,
BADELJ MILAN,CRO,23,,,,
VIDA DOMAGOJ,CRO,23,,,,
STRINIC IVAN,CRO,23,,,,
RAKITIC IVAN,CRO,23,,G91',,
KOVACIC MATEO,CRO,23,,,,
BRADARIC FILIP,CRO,23,,,,
REBIC ANTE,CRO,23,,G53',,
PERISIC IVAN,CRO,23,,,,
JEDVAJ TIN,CRO,23,,,,
KALINIC NIKOLA,CRO,23,,,,
LIVAKOVIC DOMINIK,CRO,23,,,GK,
PJACA MARKO,CRO,23,,,,
CORLUKA VEDRAN,CRO,23,,,,
LOVREN DEJAN,CRO,23,,,,
SUBASIC DANIJEL,CRO,23,,,GK,
MANDZUKIC MARIO,CRO,23,,,,
CALETA-CAR DUJE,CRO,23,,,,
KALINIC LOVRE,CRO,23,,,GK,
player_name,team_initials,match_id,line_up,event,position,shirt_number
TAGLIAFICO NICOLAS,ARG,6,,,,
PAVON CRISTIAN,ARG,6,,,,
LANZINI MANUEL,ARG,6,,,,
SALVIO EDUARDO,ARG,6,,,,
MESSI LIONEL,ARG,6,,,,
ANSALDI CRISTIAN,ARG,6,,,,
BIGLIA LUCAS,ARG,6,,,,
BANEGA EVER,ARG,6,,,,
MASCHERANO JAVIER,ARG,6,,,,
DYBALA PAULO,ARG,6,,,,
AGUERO SERGIO,ARG,6,,G19',,
HIGUAIN GONZALO,ARG,6,,,,
DI MARIA ANGEL,ARG,6,,,,
LO CELSO GIOVANI,ARG,6,,,,
MEZA MAXIMILIANO,ARG,6,,,,
ACUNA MARCOS,ARG,6,,,,
CABALLERO WILFREDO,ARG,6,,,GK,
MERCADO GABRIEL,ARG,6,,,,
OTAMENDI NICOLAS,ARG,6,,,,
ROJO MARCOS,ARG,6,,,,
FAZIO FEDERICO,ARG,6,,,,
ARMANI FRANCO,ARG,6,,,GK,
GUZMAN NAHUEL,ARG,6,,,GK,
SKULASON ARI,ISL,6,,,,
TRAUSTASON ARNOR,ISL,6,,,,
SAEVARSSON BIRKIR,ISL,6,,,,
RUNARSSON RUNAR,ISL,6,,,GK,
GUDMUNDSSON JOHANN,ISL,6,,,,
BJARNASON BIRKIR,ISL,6,,,,
FRIDJONSSON SAMUEL,ISL,6,,,,
GISLASON RURIK,ISL,6,,,,
FINNBOGASON ALFRED,ISL,6,,G23',,
SKULASON OLAFUR,ISL,6,,,,
GUDMUNDSSON ALBERT,ISL,6,,,,
INGASON SVERRIR,ISL,6,,,,
EYJOLFSSON HOLMAR,ISL,6,,,,
SIGURDSSON GYLFI,ISL,6,,,,
ARNASON KARI,ISL,6,,,,
SIGURDARSON BJORN,ISL,6,,,,
MAGNUSSON HORDUR,ISL,6,,,,
SIGURDSSON RAGNAR,ISL,6,,,,
GUNNARSSON ARON,ISL,6,,,,
HALLFREDSSON EMIL,ISL,6,,,,
HALLDORSSON HANNES,ISL,6,,,GK,
BODVARSSON JON,ISL,6,,,,
SCHRAM FREDERIK,ISL,6,,,GK,
player_name,team_initials,match_id,line_up,event,position,shirt_number
BEHICH AZIZ,AUS,38,,,,
KRUSE ROBBIE,AUS,38,,,,
RISDON JOSHUA,AUS,38,,,,
MEREDITH JAMES,AUS,38,,,,
MOOY AARON,AUS,38,,,,
MACLAREN JAMIE,AUS,38,,,,
PETRATOS DIMITRIOS,AUS,38,,,,
ARZANI DANIEL,AUS,38,,,,
CAHILL TIM,AUS,38,,,,
LUONGO MASSIMO,AUS,38,,,,
SAINSBURY TRENT,AUS,38,,,,
IRVINE JACKSON,AUS,38,,,,
MILLIGAN MARK,AUS,38,,,,
JEDINAK MILE,AUS,38,,,,
JURIC TOMI,AUS,38,,,,
RYAN MATHEW,AUS,38,,,GK,
JURMAN MATTHEW,AUS,38,,,,
LECKIE MATHEW,AUS,38,,,,
DEGENEK MILOS,AUS,38,,,,
NABBOUT ANDREW,AUS,38,,,,
JONES BRAD,AUS,38,,,GK,
ROGIC TOM,AUS,38,,,,
VUKOVIC DANNY,AUS,38,,,GK,
HURTADO PAOLO,PER,38,,,,
RUIDIAZ RAUL,PER,38,,,,
LOYOLA NILSON,PER,38,,,,
CUEVA CHRISTIAN,PER,38,,,,
YOTUN YOSHIMAR,PER,38,,,,
POLO ANDY,PER,38,,,,
AQUINO PEDRO,PER,38,,,,
RAMOS CHRISTIAN,PER,38,,,,
FLORES EDISON,PER,38,,,,
TRAUCO MIGUEL,PER,38,,,,
CORZO ALDO,PER,38,,,,
CARTAGENA WILDER,PER,38,,,,
ARAUJO MIGUEL,PER,38,,,,
CARRILLO ANDRE,PER,38,,G18',,
RODRIGUEZ ALBERTO,PER,38,,,,
CACEDA CARLOS,PER,38,,,GK,
GALLESE PEDRO,PER,38,,,GK,
ADVINCULA LUIS,PER,38,,,,
SANTAMARIA ANDERSON,PER,38,,,,
CARVALLO JOSE,PER,38,,,GK,
FARFAN JEFFERSON,PER,38,,,,
TAPIA RENATO,PER,38,,,,
GUERRERO PAOLO,PER,38,,G50',,
player_name,team_initials,match_id,line_up,event,position,shirt_number
MERTENS DRIES,BEL,63,,,,
CARRASCO YANNICK,BEL,63,,,,
DE BRUYNE KEVIN,BEL,63,,,,
HAZARD THORGAN,BEL,63,,,,
TIELEMANS YOURI,BEL,63,,,,
WITSEL AXEL,BEL,63,,,,
HAZARD EDEN,BEL,63,,G82',,
JANUZAJ ADNAN,BEL,63,,,,
DENDONCKER LEANDER,BEL,63,,,,
BATSHUAYI MICHY,BEL,63,,,,
VERMAELEN THOMAS,BEL,63,,,,
ALDERWEIRELD TOBY,BEL,63,,,,
DEMBELE MOUSSA,BEL,63,,,,
BOYATA DEDRYCK,BEL,63,,,,
KOMPANY VINCENT,BEL,63,,,,
FELLAINI MAROUANE,BEL,63,,,,
CHADLI NACER,BEL,63,,,,
VERTONGHEN JAN,BEL,63,,,,
CASTEELS KOEN,BEL,63,,,GK,
MIGNOLET SIMON,BEL,63,,,GK,
MEUNIER THOMAS,BEL,63,,G04',,
COURTOIS THIBAUT,BEL,63,,,GK,
LUKAKU ROMELU,BEL,63,,,,
LINGARD JESSE,ENG,63,,,,
STERLING RAHEEM,ENG,63,,,,
ALEXANDER-ARNOLD TRENT,ENG,63,,,,
PICKFORD JORDAN,ENG,63,,,GK,
STONES JOHN,ENG,63,,,,
TRIPPIER KIERAN,ENG,63,,,,
JONES PHIL,ENG,63,,,,
LOFTUS-CHEEK RUBEN,ENG,63,,,,
ROSE DANNY,ENG,63,,,,
ALLI DELE,ENG,63,,,,
POPE NICK,ENG,63,,,GK,
WELBECK DANNY,ENG,63,,,,
DELPH FABIAN,ENG,63,,,,
YOUNG ASHLEY,ENG,63,,,,
RASHFORD MARCUS,ENG,63,,,,
VARDY JAMIE,ENG,63,,,,
HENDERSON JORDAN,ENG,63,,,,
WALKER KYLE,ENG,63,,,,
CAHILL GARY,ENG,63,,,,
DIER ERIC,ENG,63,,,,
BUTLAND JACK,ENG,63,,,GK,
MAGUIRE HARRY,ENG,63,,,,
KANE HARRY,ENG,63,,,,
player_name,team_initials,match_id,line_up,event,position,shirt_number
MERTENS DRIES,BEL,54,,,,
CARRASCO YANNICK,BEL,54,,,,
DE BRUYNE KEVIN,BEL,54,,,,
HAZARD THORGAN,BEL,54,,,,
TIELEMANS YOURI,BEL,54,,,,
WITSEL AXEL,BEL,54,,,,
HAZARD EDEN,BEL,54,,,,
JANUZAJ ADNAN,BEL,54,,,,
DENDONCKER LEANDER,BEL,54,,,,
BATSHUAYI MICHY,BEL,54,,,,
VERMAELEN THOMAS,BEL,54,,,,
ALDERWEIRELD TOBY,BEL,54,,,,
DEMBELE MOUSSA,BEL,54,,,,
BOYATA DEDRYCK,BEL,54,,,,
KOMPANY VINCENT,BEL,54,,,,
FELLAINI MAROUANE,BEL,54,,G74',,
CHADLI NACER,BEL,54,,G95',,
VERTONGHEN JAN,BEL,54,,G69',,
CASTEELS KOEN,BEL,54,,,GK,
MIGNOLET SIMON,BEL,54,,,GK,
MEUNIER THOMAS,BEL,54,,,,
COURTOIS THIBAUT,BEL,54,,,GK,
LUKAKU ROMELU,BEL,54,,,,
INUI TAKASHI,JPN,54,,G52',,
SHIBASAKI GAKU,JPN,54,,,,
OSHIMA RYOTA,JPN,54,,,,
NAGATOMO YUTO,JPN,54,,,,
HARAGUCHI GENKI,JPN,54,,G48',,
KAGAWA SHINJI,JPN,54,,,,
OKAZAKI SHINJI,JPN,54,,,,
SAKAI HIROKI,JPN,54,,,,
OSAKO YUYA,JPN,54,,,,
USAMI TAKASHI,JPN,54,,,,
MUTO YOSHINORI,JPN,54,,,,
YAMAGUCHI HOTARU,JPN,54,,,,
HASEBE MAKOTO,JPN,54,,,,
NAKAMURA KOSUKE,JPN,54,,,GK,
KAWASHIMA EIJI,JPN,54,,,GK,
SHOJI GEN,JPN,54,,,,
HONDA KEISUKE,JPN,54,,,,
SAKAI GOTOKU,JPN,54,,,,
ENDO WATARU,JPN,54,,,,
MAKINO TOMOAKI,JPN,54,,,,
HIGASHIGUCHI MASAAKI,JPN,54,,,GK,
YOSHIDA MAYA,JPN,54,,,,
UEDA NAOMICHI,JPN,54,,,,
player_name,team_initials,match_id,line_up,event,position,shirt_number
MERTENS DRIES,BEL,13,,G47',,
CARRASCO YANNICK,BEL,13,,,,
DE BRUYNE KEVIN,BEL,13,,,,
HAZARD THORGAN,BEL,13,,,,
TIELEMANS YOURI,BEL,13,,,,
WITSEL AXEL,BEL,13,,,,
HAZARD EDEN,BEL,13,,,,
JANUZAJ ADNAN,BEL,13,,,,
DENDONCKER LEANDER,BEL,13,,,,
BATSHUAYI MICHY,BEL,13,,,,
VERMAELEN THOMAS,BEL,13,,,,
ALDERWEIRELD TOBY,BEL,13,,,,
DEMBELE MOUSSA,BEL,13,,,,
BOYATA DEDRYCK,BEL,13,,,,
KOMPANY VINCENT,BEL,13,,,,
FELLAINI MAROUANE,BEL,13,,,,
CHADLI NACER,BEL,13,,,,
VERTONGHEN JAN,BEL,13,,,,
CASTEELS KOEN,BEL,13,,,GK,
MIGNOLET SIMON,BEL,13,,,GK,
MEUNIER THOMAS,BEL,13,,,,
COURTOIS THIBAUT,BEL,13,,,GK,
LUKAKU ROMELU,BEL,13,,G69'G75',,
QUINTERO ALBERTO,PAN,13,,,,
PENEDO JAIME,PAN,13,,,GK,
BARCENAS EDGAR,PAN,13,,,,
DIAZ ISMAEL,PAN,13,,,,
COOPER ARMANDO,PAN,13,,,,
OVALLE LUIS,PAN,13,,,,
TORRES GABRIEL,PAN,13,,,,
RODRIGUEZ JOSE LUIS,PAN,13,,,,
MURILLO MICHAEL,PAN,13,,,,
MACHADO ADOLFO,PAN,13,,,,
PIMENTEL VALENTIN,PAN,13,,,,
DAVIS ERIC,PAN,13,,,,
ESCOBAR FIDEL,PAN,13,,,,
GOMEZ GABRIEL,PAN,13,,,,
ARROYO ABDIEL,PAN,13,,,,
GODOY ANIBAL,PAN,13,,,,
PEREZ BLAS,PAN,13,,,,
RODRIGUEZ ALEX,PAN,13,,,GK,
CALDERON JOSE,PAN,13,,,GK,
TEJADA LUIS,PAN,13,,,,
BALOY FELIPE,PAN,13,,,,
CUMMINGS HAROLD,PAN,13,,,,
TORRES ROMAN,PAN,13,,,,
player_name,team_initials,match_id,line_up,event,position,shirt_number
MERTENS DRIES,BEL,67,,,,
CARRASCO YANNICK,BEL,67,,,,
DE BRUYNE KEVIN,BEL,67,,,,
HAZARD THORGAN,BEL,67,,,,
TIELEMANS YOURI,BEL,67,,,,
WITSEL AXEL,BEL,67,,,,
HAZARD EDEN,BEL,67,,G06'G51',,
JANUZAJ ADNAN,BEL,67,,,,
DENDONCKER LEANDER,BEL,67,,,,
BATSHUAYI MICHY,BEL,67,,G90',,
VERMAELEN THOMAS,BEL,67,,,,
ALDERWEIRELD TOBY,BEL,67,,,,
DEMBELE MOUSSA,BEL,67,,,,
BOYATA DEDRYCK,BEL,67,,,,
KOMPANY VINCENT,BEL,67,,,,
FELLAINI MAROUANE,BEL,67,,,,
CHADLI NACER,BEL,67,,,,
VERTONGHEN JAN,BEL,67,,,,
CASTEELS KOEN,BEL,67,,,GK,
MIGNOLET SIMON,BEL,67,,,GK,
MEUNIER THOMAS,BEL,67,,,,
COURTOIS THIBAUT,BEL,67,,,GK,
LUKAKU ROMELU,BEL,67,,G16'G45',,
SLITI NAIM,TUN,67,,,,
SKHIRI ELLYES,TUN,67,,,,
MERIAH YASSINE,TUN,67,,,,
BADRI ANICE,TUN,67,,,,
CHAALELI GHAYLEN,TUN,67,,,,
HASSEN MOUEZ,TUN,67,,,GK,
SRARFI BASSEM,TUN,67,,,,
MAALOUL ALI,TUN,67,,,,
KHALIFA SABER,TUN,67,,,,
BEN ALOUANE YOHAN,TUN,67,,,,
BRONN DYLAN,TUN,67,,G18',,
BEN AMOR MOHAMED,TUN,67,,,,
KHALIL AHMED,TUN,67,,,,
NAGUEZ HAMDI,TUN,67,,,,
HADDADI OUSSAMA,TUN,67,,,,
KHAOUI SAIFEDDINE,TUN,67,,,,
KHAZRI WAHBI,TUN,67,,G93',,
BEDOUI RAMI,TUN,67,,,,
BEN YOUSSEF FAKHREDDINE,TUN,67,,,,
SASSI FERJANI,TUN,67,,,,
MATHLOUTHI AYMEN,TUN,67,,,GK,
BEN MUSTAPHA FAROUK,TUN,67,,,GK,
BEN YOUSSEF SYAM,TUN,67,,,,
player_name,team_initials,match_id,line_up,event,position,shirt_number
FRED,BRA,58,,,,
TAISON,BRA,58,,,,
FERNANDINHO,BRA,58,,OG13',,
FAGNER,BRA,58,,,,
NEYMAR,BRA,58,,,,
PHILIPPE COUTINHO,BRA,58,,,,
DOUGLAS COSTA,BRA,58,,,,
FILIPE LUIS,BRA,58,,,,
GABRIEL JESUS,BRA,58,,,,
MARQUINHOS,BRA,58,,,,
ROBERTO FIRMINO,BRA,58,,,,
WILLIAN,BRA,58,,,,
MIRANDA,BRA,58,,,,
DANILO,BRA,58,,,,
THIAGO SILVA,BRA,58,,,,
MARCELO,BRA,58,,,,
PAULINHO,BRA,58,,,,
PEDRO GEROMEL,BRA,58,,,,
CASEMIRO,BRA,58,,,,
RENATO AUGUSTO,BRA,58,,G76',,
EDERSON,BRA,58,,,GK,
ALISSON,BRA,58,,,GK,
CASSIO,BRA,58,,,GK,
MERTENS DRIES,BEL,58,,,,
CARRASCO YANNICK,BEL,58,,,,
DE BRUYNE KEVIN,BEL,58,,G31',,
HAZARD THORGAN,BEL,58,,,,
TIELEMANS YOURI,BEL,58,,,,
WITSEL AXEL,BEL,58,,,,
HAZARD EDEN,BEL,58,,,,
JANUZAJ ADNAN,BEL,58,,,,
DENDONCKER LEANDER,BEL,58,,,,
BATSHUAYI MICHY,BEL,58,,,,
VERMAELEN THOMAS,BEL,58,,,,
ALDERWEIRELD TOBY,BEL,58,,,,
DEMBELE MOUSSA,BEL,58,,,,
BOYATA DEDRYCK,BEL,58,,,,
KOMPANY VINCENT,BEL,58,,,,
FELLAINI MAROUANE,BEL,58,,,,
CHADLI NACER,BEL,58,,,,
VERTONGHEN JAN,BEL,58,,,,
CASTEELS KOEN,BEL,58,,,GK,
MIGNOLET SIMON,BEL,58,,,GK,
MEUNIER THOMAS,BEL,58,,,,
COURTOIS THIBAUT,BEL,58,,,GK,
LUKAKU ROMELU,BEL,58,,,,
player_name,team_initials,match_id,line_up,event,position,shirt_number
FRED,BRA,24,,,,
TAISON,BRA,24,,,,
FERNANDINHO,BRA,24,,,,
FAGNER,BRA,24,,,,
NEYMAR,BRA,24,,G97',,
PHILIPPE COUTINHO,BRA,24,,G91',,
DOUGLAS COSTA,BRA,24,,,,
FILIPE LUIS,BRA,24,,,,
GABRIEL JESUS,BRA,24,,,,
MARQUINHOS,BRA,24,,,,
ROBERTO FIRMINO,BRA,24,,,,
WILLIAN,BRA,24,,,,
MIRANDA,BRA,24,,,,
DANILO,BRA,24,,,,
THIAGO SILVA,BRA,24,,,,
MARCELO,BRA,24,,,,
PAULINHO,BRA,24,,,,
PEDRO GEROMEL,BRA,24,,,,
CASEMIRO,BRA,24,,,,
RENATO AUGUSTO,BRA,24,,,,
EDERSON,BRA,24,,,GK,
ALISSON,BRA,24,,,GK,
CASSIO,BRA,24,,,GK,
BOLANOS CHRISTIAN,CRC,24,,,,
GAMBOA CRISTIAN,CRC,24,,,,
TEJEDA YELTSIN,CRC,24,,,,
SMITH IAN,CRC,24,,,,
OVIEDO BRYAN,CRC,24,,,,
WALLACE RODNEY,CRC,24,,,,
URENA MARCOS,CRC,24,,,,
MATARRITA RONALD,CRC,24,,,,
MOREIRA LEONEL,CRC,24,,,GK,
CAMPBELL JOEL,CRC,24,,,,
PEMBERTON PATRICK,CRC,24,,,GK,
RUIZ BRYAN,CRC,24,,,,
ACOSTA JOHNNY,CRC,24,,,,
COLINDRES DANIEL,CRC,24,,,,
VENEGAS JOHAN,CRC,24,,,,
GONZALEZ GIANCARLO,CRC,24,,,,
CALVO FRANCISCO,CRC,24,,,,
GUZMAN DAVID,CRC,24,,,,
BORGES CELSO,CRC,24,,,,
NAVAS KEYLOR,CRC,24,,,GK,
DUARTE OSCAR,CRC,24,,,,
AZOFEIFA RANDALL,CRC,24,,,,
WASTON KENDALL,CRC,24,,,,
player_name,team_initials,match_id,line_up,event,position,shirt_number
FRED,BRA,53,,,,
TAISON,BRA,53,,,,
FERNANDINHO,BRA,53,,,,
FAGNER,BRA,53,,,,
NEYMAR,BRA,53,,G51',,
PHILIPPE COUTINHO,BRA,53,,,,
DOUGLAS COSTA,BRA,53,,,,
FILIPE LUIS,BRA,53,,,,
GABRIEL JESUS,BRA,53,,,,
MARQUINHOS,BRA,53,,,,
ROBERTO FIRMINO,BRA,53,,G88',,
WILLIAN,BRA,53,,,,
MIRANDA,BRA,53,,,,
DANILO,BRA,53,,,,
THIAGO SILVA,BRA,53,,,,
MARCELO,BRA,53,,,,
PAULINHO,BRA,53,,,,
PEDRO GEROMEL,BRA,53,,,,
CASEMIRO,BRA,53,,,,
RENATO AUGUSTO,BRA,53,,,,
EDERSON,BRA,53,,,GK,
ALISSON,BRA,53,,,GK,
CASSIO,BRA,53,,,GK,
AQUINO JAVIER,MEX,53,,,,
GUARDADO ANDRES,MEX,53,,,,
LOZANO HIRVING,MEX,53,,,,
DOS SANTOS JONATHAN,MEX,53,,,,
CORONA JESUS,MEX,53,,,,
FABIAN MARCO,MEX,53,,,,
DOS SANTOS GIOVANI,MEX,53,,,,
HERNANDEZ JAVIER,MEX,53,,,,
LAYUN MIGUEL,MEX,53,,,,
PERALTA ORIBE,MEX,53,,,,
ALVAREZ EDSON,MEX,53,,,,
GALLARDO JESUS,MEX,53,,,,
OCHOA GUILLERMO,MEX,53,,,GK,
MARQUEZ RAFAEL,MEX,53,,,,
REYES DIEGO,MEX,53,,,,
VELA CARLOS,MEX,53,,,,
JIMENEZ RAUL,MEX,53,,,,
HERRERA HECTOR,MEX,53,,,,
CORONA JOSE,MEX,53,,,GK,
AYALA HUGO,MEX,53,,,,
MORENO HECTOR,MEX,53,,,,
SALCEDO CARLOS,MEX,53,,,,
TALAVERA ALFREDO,MEX,53,,,GK,
player_name,team_initials,match_id,line_up,event,position,shirt_number
FRED,BRA,11,,,,
TAISON,BRA,11,,,,
FERNANDINHO,BRA,11,,,,
FAGNER,BRA,11,,,,
NEYMAR,BRA,11,,,,
PHILIPPE COUTINHO,BRA,11,,G20',,
DOUGLAS COSTA,BRA,11,,,,
FILIPE LUIS,BRA,11,,,,
GABRIEL JESUS,BRA,11,,,,
MARQUINHOS,BRA,11,,,,
ROBERTO FIRMINO,BRA,11,,,,
WILLIAN,BRA,11,,,,
MIRANDA,BRA,11,,,,
DANILO,BRA,11,,,,
THIAGO SILVA,BRA,11,,,,
MARCELO,BRA,11,,,,
PAULINHO,BRA,11,,,,
PEDRO GEROMEL,BRA,11,,,,
CASEMIRO,BRA,11,,,,
RENATO AUGUSTO,BRA,11,,,,
EDERSON,BRA,11,,,GK,
ALISSON,BRA,11,,,GK,
CASSIO,BRA,11,,,GK,
FERNANDES GELSON,SUI,11,,,,
FREULER REMO,SUI,11,,,,
GAVRANOVIC MARIO,SUI,11,,,,
MOUBANDJE FRANCOIS,SUI,11,,,,
LICHTSTEINER STEPHAN,SUI,11,,,,
ELVEDI NICO,SUI,11,,,,
DZEMAILI BLERIM,SUI,11,,,,
ZAKARIA DENIS,SUI,11,,,,
LANG MICHAEL,SUI,11,,,,
BEHRAMI VALON,SUI,11,,,,
DRMIC JOSIP,SUI,11,,,,
SHAQIRI XHERDAN,SUI,11,,,,
RODRIGUEZ RICARDO,SUI,11,,,,
ZUBER STEVEN,SUI,11,,G50',,
SOMMER YANN,SUI,11,,,GK,
XHAKA GRANIT,SUI,11,,,,
BUERKI ROMAN,SUI,11,,,GK,
SCHAER FABIAN,SUI,11,,,,
MVOGO YVON,SUI,11,,,GK,
AKANJI MANUEL,SUI,11,,,,
EMBOLO BREEL,SUI,11,,,,
SEFEROVIC HARIS,SUI,11,,,,
DJOUROU JOHAN,SUI,11,,,,
player_name,team_initials,match_id,line_up,event,position,shirt_number
QUINTERO JUAN,COL,76,,,,
MOJICA JOHAN,COL,76,,,,
LERMA JEFFERSON,COL,76,,,,
ARIAS SANTIAGO,COL,76,,,,
URIBE MATEUS,COL,76,,,,
FALCAO RADAMEL,COL,76,,,,
CUADRADO JUAN,COL,76,,,,
FABRA FRANK,COL,76,,,,
IZQUIERDO JOSE,COL,76,,,,
BARRIOS  WILMAR,COL,76,,,,
BORJA MIGUEL,COL,76,,,,
RODRIGUEZ JAMES,COL,76,,,,
BACCA CARLOS,COL,76,,,,
MURIEL LUIS,COL,76,,,,
OSPINA DAVID,COL,76,,,GK,
MURILLO OSCAR,COL,76,,,,
VARGAS CAMILO,COL,76,,,GK,
CUADRADO JOSE,COL,76,,,GK,
SANCHEZ DAVINSON,COL,76,,,,
ZAPATA CRISTIAN,COL,76,,,,
SANCHEZ CARLOS,COL,76,,,,
AGUILAR ABEL,COL,76,,,,
MINA YERRY,COL,76,,G93',,
LINGARD JESSE,ENG,76,,,,
STERLING RAHEEM,ENG,76,,,,
ALEXANDER-ARNOLD TRENT,ENG,76,,,,
PICKFORD JORDAN,ENG,76,,,GK,
STONES JOHN,ENG,76,,,,
TRIPPIER KIERAN,ENG,76,,,,
JONES PHIL,ENG,76,,,,
LOFTUS-CHEEK RUBEN,ENG,76,,,,
ROSE DANNY,ENG,76,,,,
ALLI DELE,ENG,76,,,,
POPE NICK,ENG,76,,,GK,
WELBECK DANNY,ENG,76,,,,
DELPH FABIAN,ENG,76,,,,
YOUNG ASHLEY,ENG,76,,,,
RASHFORD MARCUS,ENG,76,,,,
VARDY JAMIE,ENG,76,,,,
HENDERSON JORDAN,ENG,76,,,,
WALKER KYLE,ENG,76,,,,
CAHILL GARY,ENG,76,,,,
DIER ERIC,ENG,76,,,,
BUTLAND JACK,ENG,76,,,GK,
MAGUIRE HARRY,ENG,76,,,,
KANE HARRY,ENG,76,,G57',,
player_name,team_initials,match_id,line_up,event,position,shirt_number
QUINTERO JUAN,COL,15,,G39',,
MOJICA JOHAN,COL,15,,,,
LERMA JEFFERSON,COL,15,,,,
ARIAS SANTIAGO,COL,15,,,,
URIBE MATEUS,COL,15,,,,
FALCAO RADAMEL,COL,15,,,,
CUADRADO JUAN,COL,15,,,,
FABRA FRANK,COL,15,,,,
IZQUIERDO JOSE,COL,15,,,,
BARRIOS  WILMAR,COL,15,,,,
BORJA MIGUEL,COL,15,,,,
RODRIGUEZ JAMES,COL,15,,,,
BACCA CARLOS,COL,15,,,,
MURIEL LUIS,COL,15,,,,
OSPINA DAVID,COL,15,,,GK,
MURILLO OSCAR,COL,15,,,,
VARGAS CAMILO,COL,15,,,GK,
CUADRADO JOSE,COL,15,,,GK,
SANCHEZ DAVINSON,COL,15,,,,
ZAPATA CRISTIAN,COL,15,,,,
SANCHEZ CARLOS,COL,15,,,,
AGUILAR ABEL,COL,15,,,,
MINA YERRY,COL,15,,,,
INUI TAKASHI,JPN,15,,,,
SHIBASAKI GAKU,JPN,15,,,,
OSHIMA RYOTA,JPN,15,,,,
NAGATOMO YUTO,JPN,15,,,,
HARAGUCHI GENKI,JPN,15,,,,
KAGAWA SHINJI,JPN,15,,G06',,
OKAZAKI SHINJI,JPN,15,,,,
SAKAI HIROKI,JPN,15,,,,
OSAKO YUYA,JPN,15,,G73',,
USAMI TAKASHI,JPN,15,,,,
MUTO YOSHINORI,JPN,15,,,,
YAMAGUCHI HOTARU,JPN,15,,,,
HASEBE MAKOTO,JPN,15,,,,
NAKAMURA KOSUKE,JPN,15,,,GK,
KAWASHIMA EIJI,JPN,15,,,GK,
SHOJI GEN,JPN,15,,,,
HONDA KEISUKE,JPN,15,,,,
SAKAI GOTOKU,JPN,15,,,,
ENDO WATARU,JPN,15,,,,
MAKINO TOMOAKI,JPN,15,,,,
HIGASHIGUCHI MASAAKI,JPN,15,,,GK,
YOSHIDA MAYA,JPN,15,,,,
UEDA NAOMICHI,JPN,15,,,,
player_name,team_initials,match_id,line_up,event,position,shirt_number
BOLANOS CHRISTIAN,CRC,9,,,,
GAMBOA CRISTIAN,CRC,9,,,,
TEJEDA YELTSIN,CRC,9,,,,
SMITH IAN,CRC,9,,,,
OVIEDO BRYAN,CRC,9,,,,
WALLACE RODNEY,CRC,9,,,,
URENA MARCOS,CRC,9,,,,
MATARRITA RONALD,CRC,9,,,,
MOREIRA LEONEL,CRC,9,,,GK,
CAMPBELL JOEL,CRC,9,,,,
PEMBERTON PATRICK,CRC,9,,,GK,
RUIZ BRYAN,CRC,9,,,,
ACOSTA JOHNNY,CRC,9,,,,
COLINDRES DANIEL,CRC,9,,,,
VENEGAS JOHAN,CRC,9,,,,
GONZALEZ GIANCARLO,CRC,9,,,,
CALVO FRANCISCO,CRC,9,,,,
GUZMAN DAVID,CRC,9,,,,
BORGES CELSO,CRC,9,,,,
NAVAS KEYLOR,CRC,9,,,GK,
DUARTE OSCAR,CRC,9,,,,
AZOFEIFA RANDALL,CRC,9,,,,
WASTON KENDALL,CRC,9,,,,
ZIVKOVIC ANDRIJA,SRB,9,,,,
RODIC MILAN,SRB,9,,,,
RUKAVINA ANTONIO,SRB,9,,,,
LJAJIC ADEM,SRB,9,,,,
JOVIC LUKA,SRB,9,,,,
TADIC DUSAN,SRB,9,,,,
RADONJIC NEMANJA,SRB,9,,,,
MILINKOVIC-SAVIC SERGEJ,SRB,9,,,,
VELJKOVIC MILOS,SRB,9,,,,
TOSIC DUSKO,SRB,9,,,,
MILIVOJEVIC LUKA,SRB,9,,,,
SPAJIC UROS,SRB,9,,,,
MITROVIC ALEKSANDAR,SRB,9,,,,
GRUJIC MARKO,SRB,9,,,,
KOSTIC FILIP,SRB,9,,,,
KOLAROV ALEKSANDAR,SRB,9,,G56',,
RAJKOVIC PREDRAG,SRB,9,,,GK,
MATIC NEMANJA,SRB,9,,,,
PRIJOVIC ALEKSANDAR,SRB,9,,,,
IVANOVIC BRANISLAV,SRB,9,,,,
MILENKOVIC NIKOLA,SRB,9,,,,
DMITROVIC MARKO,SRB,9,,,GK,
STOJKOVIC VLADIMIR,SRB,9,,,GK,
player_name,team_initials,match_id,line_up,event,position,shirt_number
MODRIC LUKA,CRO,52,,,,
BROZOVIC MARCELO,CRO,52,,,,
PIVARIC JOSIP,CRO,52,,,,
KRAMARIC ANDREJ,CRO,52,,,,
VRSALJKO SIME,CRO,52,,,,
BADELJ MILAN,CRO,52,,,,
VIDA DOMAGOJ,CRO,52,,,,
STRINIC IVAN,CRO,52,,,,
RAKITIC IVAN,CRO,52,,,,
KOVACIC MATEO,CRO,52,,,,
BRADARIC FILIP,CRO,52,,,,
REBIC ANTE,CRO,52,,,,
PERISIC IVAN,CRO,52,,,,
JEDVAJ TIN,CRO,52,,,,
KALINIC NIKOLA,CRO,52,,,,
LIVAKOVIC DOMINIK,CRO,52,,,GK,
PJACA MARKO,CRO,52,,,,
CORLUKA VEDRAN,CRO,52,,,,
LOVREN DEJAN,CRO,52,,,,
SUBASIC DANIJEL,CRO,52,,,GK,
MANDZUKIC MARIO,CRO,52,,G04',,
CALETA-CAR DUJE,CRO,52,,,,
KALINIC LOVRE,CRO,52,,,GK,
KROHN-DEHLI MICHAEL,DEN,52,,,,
SISTO PIONE,DEN,52,,,,
BRAITHWAITE MARTIN,DEN,52,,,,
ERIKSEN CHRISTIAN,DEN,52,,,,
DELANEY THOMAS,DEN,52,,,,
KVIST WILLIAM,DEN,52,,,,
FISCHER VIKTOR,DEN,52,,,,
SCHONE LASSE,DEN,52,,,,
DALSGAARD HENRIK,DEN,52,,,,
KNUDSEN JONAS,DEN,52,,,,
STRYGER LARSEN JENS,DEN,52,,,,
KJAER SIMON,DEN,52,,,,
POULSEN YUSSUF YURARY,DEN,52,,,,
CHRISTENSEN ANDREAS,DEN,52,,,,
DOLBERG KASPER,DEN,52,,,,
JORGENSEN MATHIAS,DEN,52,,,,
LERAGER LUKAS,DEN,52,,,,
RONNOW FREDERIK,DEN,52,,,GK,
JORGENSEN NICOLAI,DEN,52,,G01',,
LOSSL JONAS,DEN,52,,,GK,
CORNELIUS ANDREAS,DEN,52,,,,
SCHMEICHEL KASPER,DEN,52,,,GK,
VESTERGAARD JANNIK,DEN,52,,,,
player_name,team_initials,match_id,line_up,event,position,shirt_number
MODRIC LUKA,CRO,62,,,,
BROZOVIC MARCELO,CRO,62,,,,
PIVARIC JOSIP,CRO,62,,,,
KRAMARIC ANDREJ,CRO,62,,,,
VRSALJKO SIME,CRO,62,,,,
BADELJ MILAN,CRO,62,,,,
VIDA DOMAGOJ,CRO,62,,,,
STRINIC IVAN,CRO,62,,,,
RAKITIC IVAN,CRO,62,,,,
KOVACIC MATEO,CRO,62,,,,
BRADARIC FILIP,CRO,62,,,,
REBIC ANTE,CRO,62,,,,
PERISIC IVAN,CRO,62,,G68',,
JEDVAJ TIN,CRO,62,,,,
KALINIC NIKOLA,CRO,62,,,,
LIVAKOVIC DOMINIK,CRO,62,,,GK,
PJACA MARKO,CRO,62,,,,
CORLUKA VEDRAN,CRO,62,,,,
LOVREN DEJAN,CRO,62,,,,
SUBASIC DANIJEL,CRO,62,,,GK,
MANDZUKIC MARIO,CRO,62,,G109',,
CALETA-CAR DUJE,CRO,62,,,,
KALINIC LOVRE,CRO,62,,,GK,
LINGARD JESSE,ENG,62,,,,
STERLING RAHEEM,ENG,62,,,,
ALEXANDER-ARNOLD TRENT,ENG,62,,,,
PICKFORD JORDAN,ENG,62,,,GK,
STONES JOHN,ENG,62,,,,
TRIPPIER KIERAN,ENG,62,,G05',,
JONES PHIL,ENG,62,,,,
LOFTUS-CHEEK RUBEN,ENG,62,,,,
ROSE DANNY,ENG,62,,,,
ALLI DELE,ENG,62,,,,
POPE NICK,ENG,62,,,GK,
WELBECK DANNY,ENG,62,,,,
DELPH FABIAN,ENG,62,,,,
YOUNG ASHLEY,ENG,62,,,,
RASHFORD MARCUS,ENG,62,,,,
VARDY JAMIE,ENG,62,,,,
HENDERSON JORDAN,ENG,62,,,,
WALKER KYLE,ENG,62,,,,
CAHILL GARY,ENG,62,,,,
DIER ERIC,ENG,62,,,,
BUTLAND JACK,ENG,62,,,GK,
MAGUIRE HARRY,ENG,62,,,,
KANE HARRY,ENG,62,,,,
player_name,team_initials,match_id,line_up,event,position,shirt_number
MODRIC LUKA,CRO,8,,G71',,
BROZOVIC MARCELO,CRO,8,,,,
PIVARIC JOSIP,CRO,8,,,,
KRAMARIC ANDREJ,CRO,8,,,,
VRSALJKO SIME,CRO,8,,,,
BADELJ MILAN,CRO,8,,,,
VIDA DOMAGOJ,CRO,8,,,,
STRINIC IVAN,CRO,8,,,,
RAKITIC IVAN,CRO,8,,,,
KOVACIC MATEO,CRO,8,,,,
BRADARIC FILIP,CRO,8,,,,
REBIC ANTE,CRO,8,,,,
PERISIC IVAN,CRO,8,,,,
JEDVAJ TIN,CRO,8,,,,
KALINIC NIKOLA,CRO,8,,,,
LIVAKOVIC DOMINIK,CRO,8,,,GK,
PJACA MARKO,CRO,8,,,,
CORLUKA VEDRAN,CRO,8,,,,
LOVREN DEJAN,CRO,8,,,,
SUBASIC DANIJEL,CRO,8,,,GK,
MANDZUKIC MARIO,CRO,8,,,,
CALETA-CAR DUJE,CRO,8,,,,
KALINIC LOVRE,CRO,8,,,GK,
MUSA AHMED,NGA,8,,,,
NDIDI ONYINYE,NGA,8,,,,
ETEBO OGHENEKARO,NGA,8,,OG32',,
ONAZI OGENYI,NGA,8,,,,
EBUEHI TYRONNE,NGA,8,,,,
IDOWU BRYAN,NGA,8,,,,
MOSES VICTOR,NGA,8,,,,
SHEHU ABDULLAHI,NGA,8,,,,
AWAZIEM CHIDOZIE,NGA,8,,,,
OBI JOEL,NGA,8,,,,
EZENWA IKECHUKWU,NGA,8,,,GK,
IHEANACHO KELECHI,NGA,8,,,,
ECHIEJILE ELDERSON,NGA,8,,,,
MIKEL JOHN OBI,NGA,8,,,,
OMERUO KENNETH,NGA,8,,,,
IGHALO ODION,NGA,8,,,,
EKONG WILLIAM,NGA,8,,,,
IWOBI ALEX,NGA,8,,,,
BALOGUN LEON,NGA,8,,,,
NWANKWO SIMEON,NGA,8,,,,
OGU JOHN,NGA,8,,,,
UZOHO FRANCIS,NGA,8,,,GK,
AKPEYI DANIEL,NGA,8,,,GK,
player_name,team_initials,match_id,line_up,event,position,shirt_number
KROHN-DEHLI MICHAEL,DEN,21,,,,
SISTO PIONE,DEN,21,,,,
BRAITHWAITE MARTIN,DEN,21,,,,
ERIKSEN CHRISTIAN,DEN,21,,G07',,
DELANEY THOMAS,DEN,21,,,,
KVIST WILLIAM,DEN,21,,,,
FISCHER VIKTOR,DEN,21,,,,
SCHONE LASSE,DEN,21,,,,
DALSGAARD HENRIK,DEN,21,,,,
KNUDSEN JONAS,DEN,21,,,,
STRYGER LARSEN JENS,DEN,21,,,,
KJAER SIMON,DEN,21,,,,
POULSEN YUSSUF YURARY,DEN,21,,,,
CHRISTENSEN ANDREAS,DEN,21,,,,
DOLBERG KASPER,DEN,21,,,,
JORGENSEN MATHIAS,DEN,21,,,,
LERAGER LUKAS,DEN,21,,,,
RONNOW FREDERIK,DEN,21,,,GK,
JORGENSEN NICOLAI,DEN,21,,,,
LOSSL JONAS,DEN,21,,,GK,
CORNELIUS ANDREAS,DEN,21,,,,
SCHMEICHEL KASPER,DEN,21,,,GK,
VESTERGAARD JANNIK,DEN,21,,,,
BEHICH AZIZ,AUS,21,,,,
KRUSE ROBBIE,AUS,21,,,,
RISDON JOSHUA,AUS,21,,,,
MEREDITH JAMES,AUS,21,,,,
MOOY AARON,AUS,21,,,,
MACLAREN JAMIE,AUS,21,,,,
PETRATOS DIMITRIOS,AUS,21,,,,
ARZANI DANIEL,AUS,21,,,,
CAHILL TIM,AUS,21,,,,
LUONGO MASSIMO,AUS,21,,,,
SAINSBURY TRENT,AUS,21,,,,
IRVINE JACKSON,AUS,21,,,,
MILLIGAN MARK,AUS,21,,,,
JEDINAK MILE,AUS,21,,G38',,
JURIC TOMI,AUS,21,,,,
RYAN MATHEW,AUS,21,,,GK,
JURMAN MATTHEW,AUS,21,,,,
LECKIE MATHEW,AUS,21,,,,
DEGENEK MILOS,AUS,21,,,,
NABBOUT ANDREW,AUS,21,,,,
JONES BRAD,AUS,21,,,GK,
ROGIC TOM,AUS,21,,,,
VUKOVIC DANNY,AUS,21,,,GK,
player_name,team_initials,match_id,line_up,event,position,shirt_number
KROHN-DEHLI MICHAEL,DEN,37,,,,
SISTO PIONE,DEN,37,,,,
BRAITHWAITE MARTIN,DEN,37,,,,
ERIKSEN CHRISTIAN,DEN,37,,,,
DELANEY THOMAS,DEN,37,,,,
KVIST WILLIAM,DEN,37,,,,
FISCHER VIKTOR,DEN,37,,,,
SCHONE LASSE,DEN,37,,,,
DALSGAARD HENRIK,DEN,37,,,,
KNUDSEN JONAS,DEN,37,,,,
STRYGER LARSEN JENS,DEN,37,,,,
KJAER SIMON,DEN,37,,,,
POULSEN YUSSUF YURARY,DEN,37,,,,
CHRISTENSEN ANDREAS,DEN,37,,,,
DOLBERG KASPER,DEN,37,,,,
JORGENSEN MATHIAS,DEN,37,,,,
LERAGER LUKAS,DEN,37,,,,
RONNOW FREDERIK,DEN,37,,,GK,
JORGENSEN NICOLAI,DEN,37,,,,
LOSSL JONAS,DEN,37,,,GK,
CORNELIUS ANDREAS,DEN,37,,,,
SCHMEICHEL KASPER,DEN,37,,,GK,
VESTERGAARD JANNIK,DEN,37,,,,
LEMAR THOMAS,FRA,37,,,,
DEMBELE OUSMANE,FRA,37,,,,
KANTE NGOLO,FRA,37,,,,
GRIEZMANN ANTOINE,FRA,37,,,,
MATUIDI BLAISE,FRA,37,,,,
PAVARD BENJAMIN,FRA,37,,,,
FEKIR NABIL,FRA,37,,,,
THAUVIN FLORIAN,FRA,37,,,,
HERNANDEZ LUCAS,FRA,37,,,,
KIMPEMBE PRESNEL,FRA,37,,,,
MBAPPE KYLIAN,FRA,37,,,,
VARANE RAPHAEL,FRA,37,,,,
SIDIBE DJIBRIL,FRA,37,,,,
LLORIS HUGO,FRA,37,,,GK,
TOLISSO CORENTIN,FRA,37,,,,
UMTITI SAMUEL,FRA,37,,,,
MENDY BENJAMIN,FRA,37,,,,
POGBA PAUL,FRA,37,,,,
NZONZI STEVEN,FRA,37,,,,
MANDANDA STEVE,FRA,37,,,GK,
RAMI ADIL,FRA,37,,,,
GIROUD OLIVIER,FRA,37,,,,
AREOLA ALPHONSE,FRA,37,,,GK,
player_name,team_initials,Match_id,line_up,event,position,shirt_number
TAREK HAMED,EGY,2,,,,
OMAR GABER,EGY,2,,,,
MOHAMED SALAH,EGY,2,,,,
MOHAMED ABDELSHAFY,EGY,2,,,,
MAHMOUD HAMDY,EGY,2,,,,
AYMAN ASHRAF,EGY,2,,,,
MOHAMED ELNENY,EGY,2,,,,
SAM MORSY,EGY,2,,,,
ABDALLA SAID,EGY,2,,,,
AHMED ELMOHAMADY,EGY,2,,,,
AHMED FATHI,EGY,2,,,,
KAHRABA,EGY,2,,,,
RAMADAN SOBHY,EGY,2,,,,
TREZEGUET,EGY,2,,,,
AMR WARDA,EGY,2,,,,
SHIKABALA,EGY,2,,,,
MARWAN MOHSEN,EGY,2,,,,
SAMIR SAAD,EGY,2,,,,
MOHAMED ELSHENAWY,EGY,2,,,GK,
ALI GABR,EGY,2,,,,
ESSAM EL HADARY,EGY,2,,,GK,
SHERIF EKRAMY,EGY,2,,,GK,
AHMED HEGAZY,EGY,2,,,,
NANDEZ NAHITAN,URU,2,,,,
TORREIRA LUCAS,URU,2,,,,
DE ARRASCAETA GIORGIAN,URU,2,,,,
LAXALT DIEGO,URU,2,,,,
URRETAVISCAYA JONATHAN,URU,2,,,,
VARELA GUILLERMO,URU,2,,,,
GODIN DIEGO,URU,2,,,,
BENTANCUR RODRIGO,URU,2,,,,
PEREIRA MAXIMILIANO,URU,2,,,,
MUSLERA FERNANDO,URU,2,,,GK,
SANCHEZ CARLOS,URU,2,,,,
SILVA GASTON,URU,2,,,,
CACERES MARTIN,URU,2,,,,
GIMENEZ JOSE,URU,2,,G89',,
STUANI CRISTHIAN,URU,2,,,,
CAVANI EDINSON,URU,2,,,,
RODRIGUEZ CRISTIAN,URU,2,,,,
CAMPANA MARTIN,URU,2,,,GK,
VECINO MATIAS,URU,2,,,,
SILVA MARTIN,URU,2,,,GK,
SUAREZ LUIS,URU,2,,,,
GOMEZ MAXIMILIANO,URU,2,,,,
COATES SEBASTIAN,URU,2,,,,
player_name,team_initials,match_id,line_up,event,position,shirt_number
LINGARD JESSE,ENG,80,,,,
STERLING RAHEEM,ENG,80,,,,
ALEXANDER-ARNOLD TRENT,ENG,80,,,,
PICKFORD JORDAN,ENG,80,,,GK,
STONES JOHN,ENG,80,,,,
TRIPPIER KIERAN,ENG,80,,,,
JONES PHIL,ENG,80,,,,
LOFTUS-CHEEK RUBEN,ENG,80,,,,
ROSE DANNY,ENG,80,,,,
ALLI DELE,ENG,80,,,,
POPE NICK,ENG,80,,,GK,
WELBECK DANNY,ENG,80,,,,
DELPH FABIAN,ENG,80,,,,
YOUNG ASHLEY,ENG,80,,,,
RASHFORD MARCUS,ENG,80,,,,
VARDY JAMIE,ENG,80,,,,
HENDERSON JORDAN,ENG,80,,,,
WALKER KYLE,ENG,80,,,,
CAHILL GARY,ENG,80,,,,
DIER ERIC,ENG,80,,,,
BUTLAND JACK,ENG,80,,,GK,
MAGUIRE HARRY,ENG,80,,,,
KANE HARRY,ENG,80,,,,
MERTENS DRIES,BEL,80,,,,
CARRASCO YANNICK,BEL,80,,,,
DE BRUYNE KEVIN,BEL,80,,,,
HAZARD THORGAN,BEL,80,,,,
TIELEMANS YOURI,BEL,80,,,,
WITSEL AXEL,BEL,80,,,,
HAZARD EDEN,BEL,80,,,,
JANUZAJ ADNAN,BEL,80,,G51',,
DENDONCKER LEANDER,BEL,80,,,,
BATSHUAYI MICHY,BEL,80,,,,
VERMAELEN THOMAS,BEL,80,,,,
ALDERWEIRELD TOBY,BEL,80,,,,
DEMBELE MOUSSA,BEL,80,,,,
BOYATA DEDRYCK,BEL,80,,,,
KOMPANY VINCENT,BEL,80,,,,
FELLAINI MAROUANE,BEL,80,,,,
CHADLI NACER,BEL,80,,,,
VERTONGHEN JAN,BEL,80,,,,
CASTEELS KOEN,BEL,80,,,GK,
MIGNOLET SIMON,BEL,80,,,GK,
MEUNIER THOMAS,BEL,80,,,,
COURTOIS THIBAUT,BEL,80,,,GK,
LUKAKU ROMELU,BEL,80,,,,
player_name,team_initials,match_id,line_up,event,position,shirt_number
LINGARD JESSE,ENG,70,,G36',,
STERLING RAHEEM,ENG,70,,,,
ALEXANDER-ARNOLD TRENT,ENG,70,,,,
PICKFORD JORDAN,ENG,70,,,GK,
STONES JOHN,ENG,70,,G08'G40',,
TRIPPIER KIERAN,ENG,70,,,,
JONES PHIL,ENG,70,,,,
LOFTUS-CHEEK RUBEN,ENG,70,,,,
ROSE DANNY,ENG,70,,,,
ALLI DELE,ENG,70,,,,
POPE NICK,ENG,70,,,GK,
WELBECK DANNY,ENG,70,,,,
DELPH FABIAN,ENG,70,,,,
YOUNG ASHLEY,ENG,70,,,,
RASHFORD MARCUS,ENG,70,,,,
VARDY JAMIE,ENG,70,,,,
HENDERSON JORDAN,ENG,70,,,,
WALKER KYLE,ENG,70,,,,
CAHILL GARY,ENG,70,,,,
DIER ERIC,ENG,70,,,,
BUTLAND JACK,ENG,70,,,GK,
MAGUIRE HARRY,ENG,70,,,,
KANE HARRY,ENG,70,,G22'G45'G62',,
QUINTERO ALBERTO,PAN,70,,,,
PENEDO JAIME,PAN,70,,,GK,
BARCENAS EDGAR,PAN,70,,,,
DIAZ ISMAEL,PAN,70,,,,
COOPER ARMANDO,PAN,70,,,,
OVALLE LUIS,PAN,70,,,,
TORRES GABRIEL,PAN,70,,,,
RODRIGUEZ JOSE LUIS,PAN,70,,,,
MURILLO MICHAEL,PAN,70,,,,
MACHADO ADOLFO,PAN,70,,,,
PIMENTEL VALENTIN,PAN,70,,,,
DAVIS ERIC,PAN,70,,,,
ESCOBAR FIDEL,PAN,70,,,,
GOMEZ GABRIEL,PAN,70,,,,
ARROYO ABDIEL,PAN,70,,,,
GODOY ANIBAL,PAN,70,,,,
PEREZ BLAS,PAN,70,,,,
RODRIGUEZ ALEX,PAN,70,,,GK,
CALDERON JOSE,PAN,70,,,GK,
TEJADA LUIS,PAN,70,,,,
BALOY FELIPE,PAN,70,,G78',,
CUMMINGS HAROLD,PAN,70,,,,
TORRES ROMAN,PAN,70,,,,
player_name,team_initials,match_id,line_up,event,position,shirt_number
ODRIOZOLA ALVARO,ESP,36,,,,
ASPAS IAGO,ESP,36,,G91',,
SILVA DAVID,ESP,36,,,,
INIESTA ANDRES,ESP,36,,,,
ALBA JORDI,ESP,36,,,,
THIAGO,ESP,36,,,,
VAZQUEZ LUCAS,ESP,36,,,,
DE GEA DAVID,ESP,36,,,GK,
RODRIGO,ESP,36,,,,
MONREAL NACHO,ESP,36,,,,
CARVAJAL DANI,ESP,36,,,,
KOKE,ESP,36,,,,
ISCO,ESP,36,,G19',,
RAMOS SERGIO,ESP,36,,,,
SAUL,ESP,36,,,,
ASENSIO MARCO,ESP,36,,,,
NACHO,ESP,36,,G58',,
BUSQUETS SERGIO,ESP,36,,,,
AZPILICUETA CESAR,ESP,36,,,,
ARRIZABALAGA KEPA,ESP,36,,,GK,
PIQUE GERARD,ESP,36,,,,
COSTA DIEGO,ESP,36,,,,
REINA PEPE,ESP,36,,,GK,
BOUSSOUFA MBARK,MAR,36,,,,
HAKIMI ACHRAF,MAR,36,,,,
HARIT AMINE,MAR,36,,,,
CARCELA MEHDI,MAR,36,,,,
MENDYL HAMZA,MAR,36,,,,
ZIYACH HAKIM,MAR,36,,,,
TAGNAOUTI AHMED,MAR,36,,,GK,
EL KAABI AYOUB,MAR,36,,,,
FAJR FAYCAL,MAR,36,,,,
BELHANDA YOUNES,MAR,36,,,,
AIT BENNASSER YOUSSEF,MAR,36,,,,
EN NESYRI YOUSSEF,MAR,36,,G81',,
SAISS ROMAIN,MAR,36,,,,
BOUNOU YASSINE,MAR,36,,,GK,
AMRABAT NOUREDDINE,MAR,36,,,,
AMRABAT SOFYAN,MAR,36,,,,
DA COSTA MANUEL,MAR,36,,,,
EL AHMADI KARIM,MAR,36,,,,
BOUTAIB KHALID,MAR,36,,G14',,
BOUHADDOUZ AZIZ,MAR,36,,,,
DIRAR NABIL,MAR,36,,,,
BENATIA MEHDI,MAR,36,,,,
EL KAJOUI MONIR,MAR,36,,,GK,
player_name,team_initials,match_id,line_up,event,position,shirt_number
ODRIOZOLA ALVARO,ESP,51,,,,
ASPAS IAGO,ESP,51,,,,
SILVA DAVID,ESP,51,,,,
INIESTA ANDRES,ESP,51,,,,
ALBA JORDI,ESP,51,,,,
THIAGO,ESP,51,,,,
VAZQUEZ LUCAS,ESP,51,,,,
DE GEA DAVID,ESP,51,,,GK,
RODRIGO,ESP,51,,,,
MONREAL NACHO,ESP,51,,,,
CARVAJAL DANI,ESP,51,,,,
KOKE,ESP,51,,,,
ISCO,ESP,51,,,,
RAMOS SERGIO,ESP,51,,,,
SAUL,ESP,51,,,,
ASENSIO MARCO,ESP,51,,,,
NACHO,ESP,51,,,,
BUSQUETS SERGIO,ESP,51,,,,
AZPILICUETA CESAR,ESP,51,,,,
ARRIZABALAGA KEPA,ESP,51,,,GK,
PIQUE GERARD,ESP,51,,,,
COSTA DIEGO,ESP,51,,,,
REINA PEPE,ESP,51,,,GK,
MIRANCHUK ANTON,RUS,51,,,,
CHERYSHEV DENIS,RUS,51,,,,
GOLOVIN ALEKSANDR,RUS,51,,,,
SMOLNIKOV IGOR,RUS,51,,,,
DZAGOEV ALAN,RUS,51,,,,
KUZIAEV DALER,RUS,51,,,,
SAMEDOV ALEXANDER,RUS,51,,,,
GAZINSKY IURY,RUS,51,,,,
ZHIRKOV YURY,RUS,51,,,,
ZOBNIN ROMAN,RUS,51,,,,
MIRANCHUK ALEXEY,RUS,51,,,,
KUDRIASHOV FEDOR,RUS,51,,,,
MARIO FERNANDES,RUS,51,,,,
SMOLOV FEDOR,RUS,51,,,,
EROKHIN ALEKSANDR,RUS,51,,,,
LUNEV ANDREI,RUS,51,,,GK,
GRANAT VLADIMIR,RUS,51,,,,
GABULOV VLADIMIR,RUS,51,,,GK,
KUTEPOV ILYA,RUS,51,,,,
AKINFEEV IGOR,RUS,51,,,GK,
IGNASHEVICH SERGEY,RUS,51,,OG12',,
SEMENOV ANDREY,RUS,51,,,,
DZYUBA ARTEM,RUS,51,,G41',,
player_name,team_initials,match_id,line_up,event,position,shirt_number
LEMAR THOMAS,FRA,49,,,,
DEMBELE OUSMANE,FRA,49,,,,
KANTE NGOLO,FRA,49,,,,
GRIEZMANN ANTOINE,FRA,49,,G13',,
MATUIDI BLAISE,FRA,49,,,,
PAVARD BENJAMIN,FRA,49,,G57',,
FEKIR NABIL,FRA,49,,,,
THAUVIN FLORIAN,FRA,49,,,,
HERNANDEZ LUCAS,FRA,49,,,,
KIMPEMBE PRESNEL,FRA,49,,,,
MBAPPE KYLIAN,FRA,49,,G64'G68',,
VARANE RAPHAEL,FRA,49,,,,
SIDIBE DJIBRIL,FRA,49,,,,
LLORIS HUGO,FRA,49,,,GK,
TOLISSO CORENTIN,FRA,49,,,,
UMTITI SAMUEL,FRA,49,,,,
MENDY BENJAMIN,FRA,49,,,,
POGBA PAUL,FRA,49,,,,
NZONZI STEVEN,FRA,49,,,,
MANDANDA STEVE,FRA,49,,,GK,
RAMI ADIL,FRA,49,,,,
GIROUD OLIVIER,FRA,49,,,,
AREOLA ALPHONSE,FRA,49,,,GK,
TAGLIAFICO NICOLAS,ARG,49,,,,
PAVON CRISTIAN,ARG,49,,,,
LANZINI MANUEL,ARG,49,,,,
SALVIO EDUARDO,ARG,49,,,,
MESSI LIONEL,ARG,49,,,,
ANSALDI CRISTIAN,ARG,49,,,,
BIGLIA LUCAS,ARG,49,,,,
BANEGA EVER,ARG,49,,,,
MASCHERANO JAVIER,ARG,49,,,,
DYBALA PAULO,ARG,49,,,,
AGUERO SERGIO,ARG,49,,G93',,
HIGUAIN GONZALO,ARG,49,,,,
DI MARIA ANGEL,ARG,49,,G41',,
LO CELSO GIOVANI,ARG,49,,,,
MEZA MAXIMILIANO,ARG,49,,,,
ACUNA MARCOS,ARG,49,,,,
CABALLERO WILFREDO,ARG,49,,,GK,
MERCADO GABRIEL,ARG,49,,G48',,
OTAMENDI NICOLAS,ARG,49,,,,
ROJO MARCOS,ARG,49,,,,
FAZIO FEDERICO,ARG,49,,,,
ARMANI FRANCO,ARG,49,,,GK,
GUZMAN NAHUEL,ARG,49,,,GK,
player_name,team_initials,match_id,line_up,event,position,shirt_number
LEMAR THOMAS,FRA,5,,,,
DEMBELE OUSMANE,FRA,5,,,,
KANTE NGOLO,FRA,5,,,,
GRIEZMANN ANTOINE,FRA,5,,G58',,
MATUIDI BLAISE,FRA,5,,,,
PAVARD BENJAMIN,FRA,5,,,,
FEKIR NABIL,FRA,5,,,,
THAUVIN FLORIAN,FRA,5,,,,
HERNANDEZ LUCAS,FRA,5,,,,
KIMPEMBE PRESNEL,FRA,5,,,,
MBAPPE KYLIAN,FRA,5,,,,
VARANE RAPHAEL,FRA,5,,,,
SIDIBE DJIBRIL,FRA,5,,,,
LLORIS HUGO,FRA,5,,,GK,
TOLISSO CORENTIN,FRA,5,,,,
UMTITI SAMUEL,FRA,5,,,,
MENDY BENJAMIN,FRA,5,,,,
POGBA PAUL,FRA,5,,,,
NZONZI STEVEN,FRA,5,,,,
MANDANDA STEVE,FRA,5,,,GK,
RAMI ADIL,FRA,5,,,,
GIROUD OLIVIER,FRA,5,,,,
AREOLA ALPHONSE,FRA,5,,,GK,
BEHICH AZIZ,AUS,5,,OG81',,
KRUSE ROBBIE,AUS,5,,,,
RISDON JOSHUA,AUS,5,,,,
MEREDITH JAMES,AUS,5,,,,
MOOY AARON,AUS,5,,,,
MACLAREN JAMIE,AUS,5,,,,
PETRATOS DIMITRIOS,AUS,5,,,,
ARZANI DANIEL,AUS,5,,,,
CAHILL TIM,AUS,5,,,,
LUONGO MASSIMO,AUS,5,,,,
SAINSBURY TRENT,AUS,5,,,,
IRVINE JACKSON,AUS,5,,,,
MILLIGAN MARK,AUS,5,,,,
JEDINAK MILE,AUS,5,,G62',,
JURIC TOMI,AUS,5,,,,
RYAN MATHEW,AUS,5,,,GK,
JURMAN MATTHEW,AUS,5,,,,
LECKIE MATHEW,AUS,5,,,,
DEGENEK MILOS,AUS,5,,,,
NABBOUT ANDREW,AUS,5,,,,
JONES BRAD,AUS,5,,,GK,
ROGIC TOM,AUS,5,,,,
VUKOVIC DANNY,AUS,5,,,GK,
player_name,team_initials,match_id,line_up,event,position,shirt_number
LEMAR THOMAS,FRA,61,,,,
DEMBELE OUSMANE,FRA,61,,,,
KANTE NGOLO,FRA,61,,,,
GRIEZMANN ANTOINE,FRA,61,,,,
MATUIDI BLAISE,FRA,61,,,,
PAVARD BENJAMIN,FRA,61,,,,
FEKIR NABIL,FRA,61,,,,
THAUVIN FLORIAN,FRA,61,,,,
HERNANDEZ LUCAS,FRA,61,,,,
KIMPEMBE PRESNEL,FRA,61,,,,
MBAPPE KYLIAN,FRA,61,,,,
VARANE RAPHAEL,FRA,61,,,,
SIDIBE DJIBRIL,FRA,61,,,,
LLORIS HUGO,FRA,61,,,GK,
TOLISSO CORENTIN,FRA,61,,,,
UMTITI SAMUEL,FRA,61,,G51',,
MENDY BENJAMIN,FRA,61,,,,
POGBA PAUL,FRA,61,,,,
NZONZI STEVEN,FRA,61,,,,
MANDANDA STEVE,FRA,61,,,GK,
RAMI ADIL,FRA,61,,,,
GIROUD OLIVIER,FRA,61,,,,
AREOLA ALPHONSE,FRA,61,,,GK,
MERTENS DRIES,BEL,61,,,,
CARRASCO YANNICK,BEL,61,,,,
DE BRUYNE KEVIN,BEL,61,,,,
HAZARD THORGAN,BEL,61,,,,
TIELEMANS YOURI,BEL,61,,,,
WITSEL AXEL,BEL,61,,,,
HAZARD EDEN,BEL,61,,,,
JANUZAJ ADNAN,BEL,61,,,,
DENDONCKER LEANDER,BEL,61,,,,
BATSHUAYI MICHY,BEL,61,,,,
VERMAELEN THOMAS,BEL,61,,,,
ALDERWEIRELD TOBY,BEL,61,,,,
DEMBELE MOUSSA,BEL,61,,,,
BOYATA DEDRYCK,BEL,61,,,,
KOMPANY VINCENT,BEL,61,,,,
FELLAINI MAROUANE,BEL,61,,,,
CHADLI NACER,BEL,61,,,,
VERTONGHEN JAN,BEL,61,,,,
CASTEELS KOEN,BEL,61,,,GK,
MIGNOLET SIMON,BEL,61,,,GK,
MEUNIER THOMAS,BEL,61,,,,
COURTOIS THIBAUT,BEL,61,,,GK,
LUKAKU ROMELU,BEL,61,,,,
player_name,team_initials,match_id,line_up,event,position,shirt_number
LEMAR THOMAS,FRA,64,,,,
DEMBELE OUSMANE,FRA,64,,,,
KANTE NGOLO,FRA,64,,,,
GRIEZMANN ANTOINE,FRA,64,,G38',,
MATUIDI BLAISE,FRA,64,,,,
PAVARD BENJAMIN,FRA,64,,,,
FEKIR NABIL,FRA,64,,,,
THAUVIN FLORIAN,FRA,64,,,,
HERNANDEZ LUCAS,FRA,64,,,,
KIMPEMBE PRESNEL,FRA,64,,,,
MBAPPE KYLIAN,FRA,64,,G65',,
VARANE RAPHAEL,FRA,64,,,,
SIDIBE DJIBRIL,FRA,64,,,,
LLORIS HUGO,FRA,64,,,GK,
TOLISSO CORENTIN,FRA,64,,,,
UMTITI SAMUEL,FRA,64,,,,
MENDY BENJAMIN,FRA,64,,,,
POGBA PAUL,FRA,64,,G59',,
NZONZI STEVEN,FRA,64,,,,
MANDANDA STEVE,FRA,64,,,GK,
RAMI ADIL,FRA,64,,,,
GIROUD OLIVIER,FRA,64,,,,
AREOLA ALPHONSE,FRA,64,,,GK,
MODRIC LUKA,CRO,64,,,,
BROZOVIC MARCELO,CRO,64,,,,
PIVARIC JOSIP,CRO,64,,,,
KRAMARIC ANDREJ,CRO,64,,,,
VRSALJKO SIME,CRO,64,,,,
BADELJ MILAN,CRO,64,,,,
VIDA DOMAGOJ,CRO,64,,,,
STRINIC IVAN,CRO,64,,,,
RAKITIC IVAN,CRO,64,,,,
KOVACIC MATEO,CRO,64,,,,
BRADARIC FILIP,CRO,64,,,,
REBIC ANTE,CRO,64,,,,
PERISIC IVAN,CRO,64,,G28',,
JEDVAJ TIN,CRO,64,,,,
KALINIC NIKOLA,CRO,64,,,,
LIVAKOVIC DOMINIK,CRO,64,,,GK,
PJACA MARKO,CRO,64,,,,
CORLUKA VEDRAN,CRO,64,,,,
LOVREN DEJAN,CRO,64,,,,
SUBASIC DANIJEL,CRO,64,,,GK,
MANDZUKIC MARIO,CRO,64,,OG18'G69',,
CALETA-CAR DUJE,CRO,64,,,,
KALINIC LOVRE,CRO,64,,,GK,
player_name,team_initials,match_id,line_up,event,position,shirt_number
LEMAR THOMAS,FRA,22,,,,
DEMBELE OUSMANE,FRA,22,,,,
KANTE NGOLO,FRA,22,,,,
GRIEZMANN ANTOINE,FRA,22,,,,
MATUIDI BLAISE,FRA,22,,,,
PAVARD BENJAMIN,FRA,22,,,,
FEKIR NABIL,FRA,22,,,,
THAUVIN FLORIAN,FRA,22,,,,
HERNANDEZ LUCAS,FRA,22,,,,
KIMPEMBE PRESNEL,FRA,22,,,,
MBAPPE KYLIAN,FRA,22,,G34',,
VARANE RAPHAEL,FRA,22,,,,
SIDIBE DJIBRIL,FRA,22,,,,
LLORIS HUGO,FRA,22,,,GK,
TOLISSO CORENTIN,FRA,22,,,,
UMTITI SAMUEL,FRA,22,,,,
MENDY BENJAMIN,FRA,22,,,,
POGBA PAUL,FRA,22,,,,
NZONZI STEVEN,FRA,22,,,,
MANDANDA STEVE,FRA,22,,,GK,
RAMI ADIL,FRA,22,,,,
GIROUD OLIVIER,FRA,22,,,,
AREOLA ALPHONSE,FRA,22,,,GK,
HURTADO PAOLO,PER,22,,,,
RUIDIAZ RAUL,PER,22,,,,
LOYOLA NILSON,PER,22,,,,
CUEVA CHRISTIAN,PER,22,,,,
YOTUN YOSHIMAR,PER,22,,,,
POLO ANDY,PER,22,,,,
AQUINO PEDRO,PER,22,,,,
RAMOS CHRISTIAN,PER,22,,,,
FLORES EDISON,PER,22,,,,
TRAUCO MIGUEL,PER,22,,,,
CORZO ALDO,PER,22,,,,
CARTAGENA WILDER,PER,22,,,,
ARAUJO MIGUEL,PER,22,,,,
CARRILLO ANDRE,PER,22,,,,
RODRIGUEZ ALBERTO,PER,22,,,,
CACEDA CARLOS,PER,22,,,GK,
GALLESE PEDRO,PER,22,,,GK,
ADVINCULA LUIS,PER,22,,,,
SANTAMARIA ANDERSON,PER,22,,,,
CARVALLO JOSE,PER,22,,,GK,
FARFAN JEFFERSON,PER,22,,,,
TAPIA RENATO,PER,22,,,,
GUERRERO PAOLO,PER,22,,,,
player_name,team_initials,match_id,line_up,event,position,shirt_number
REUS MARCO,GER,10,,,,
OEZIL MESUT,GER,10,,,,
KIMMICH JOSHUA,GER,10,,,,
DRAXLER JULIAN,GER,10,,,,
RUDY SEBASTIAN,GER,10,,,,
HECTOR JONAS,GER,10,,,,
WERNER TIMO,GER,10,,,,
MUELLER THOMAS,GER,10,,,,
PLATTENHARDT MARVIN,GER,10,,,,
GORETZKA LEON,GER,10,,,,
KROOS TONI,GER,10,,,,
GUENDOGAN ILKAY,GER,10,,,,
KHEDIRA SAMI,GER,10,,,,
BRANDT JULIAN,GER,10,,,,
GOMEZ MARIO,GER,10,,,,
GINTER MATTHIAS,GER,10,,,,
RUEDIGER ANTONIO,GER,10,,,,
TER STEGEN MARC-ANDRE,GER,10,,,GK,
TRAPP KEVIN,GER,10,,,GK,
SUELE NIKLAS,GER,10,,,,
HUMMELS MATS,GER,10,,,,
BOATENG JEROME,GER,10,,,,
NEUER MANUEL,GER,10,,,GK,
AQUINO JAVIER,MEX,10,,,,
GUARDADO ANDRES,MEX,10,,,,
LOZANO HIRVING,MEX,10,,G35',,
DOS SANTOS JONATHAN,MEX,10,,,,
CORONA JESUS,MEX,10,,,,
FABIAN MARCO,MEX,10,,,,
DOS SANTOS GIOVANI,MEX,10,,,,
HERNANDEZ JAVIER,MEX,10,,,,
LAYUN MIGUEL,MEX,10,,,,
PERALTA ORIBE,MEX,10,,,,
ALVAREZ EDSON,MEX,10,,,,
GALLARDO JESUS,MEX,10,,,,
OCHOA GUILLERMO,MEX,10,,,GK,
MARQUEZ RAFAEL,MEX,10,,,,
REYES DIEGO,MEX,10,,,,
VELA CARLOS,MEX,10,,,,
JIMENEZ RAUL,MEX,10,,,,
HERRERA HECTOR,MEX,10,,,,
CORONA JOSE,MEX,10,,,GK,
AYALA HUGO,MEX,10,,,,
MORENO HECTOR,MEX,10,,,,
SALCEDO CARLOS,MEX,10,,,,
TALAVERA ALFREDO,MEX,10,,,GK,
player_name,team_initials,match_id,line_up,event,position,shirt_number
REUS MARCO,GER,69,,G48',,
OEZIL MESUT,GER,69,,,,
KIMMICH JOSHUA,GER,69,,,,
DRAXLER JULIAN,GER,69,,,,
RUDY SEBASTIAN,GER,69,,,,
HECTOR JONAS,GER,69,,,,
WERNER TIMO,GER,69,,,,
MUELLER THOMAS,GER,69,,,,
PLATTENHARDT MARVIN,GER,69,,,,
GORETZKA LEON,GER,69,,,,
KROOS TONI,GER,69,,G95',,
GUENDOGAN ILKAY,GER,69,,,,
KHEDIRA SAMI,GER,69,,,,
BRANDT JULIAN,GER,69,,,,
GOMEZ MARIO,GER,69,,,,
GINTER MATTHIAS,GER,69,,,,
RUEDIGER ANTONIO,GER,69,,,,
TER STEGEN MARC-ANDRE,GER,69,,,GK,
TRAPP KEVIN,GER,69,,,GK,
SUELE NIKLAS,GER,69,,,,
HUMMELS MATS,GER,69,,,,
BOATENG JEROME,GER,69,,,,
NEUER MANUEL,GER,69,,,GK,
DURMAZ JIMMY,SWE,69,,,,
LARSSON SEBASTIAN,SWE,69,,,,
KRAFTH EMIL,SWE,69,,,,
HILJEMARK OSCAR,SWE,69,,,,
EKDAL ALBIN,SWE,69,,,,
AUGUSTINSSON LUDWIG,SWE,69,,,,
BERG MARCUS,SWE,69,,,,
ROHDEN MARCUS,SWE,69,,,,
LUSTIG MIKAEL,SWE,69,,,,
SVENSSON GUSTAV,SWE,69,,,,
FORSBERG EMIL,SWE,69,,,,
TOIVONEN OLA,SWE,69,,G32',,
GUIDETTI JOHN,SWE,69,,,,
CLAESSON VIKTOR,SWE,69,,,,
LINDELOF VICTOR,SWE,69,,,,
OLSSON MARTIN,SWE,69,,,,
JOHNSSON KARL-JOHAN,SWE,69,,,GK,
HELANDER FILIP,SWE,69,,,,
THELIN ISAAC KIESE,SWE,69,,,,
GRANQVIST ANDREAS,SWE,69,,,,
NORDFELDT KRISTOFFER,SWE,69,,,GK,
OLSEN ROBIN,SWE,69,,,GK,
JANSSON PONTUS,SWE,69,,,,
player_name,team_initials,match_id,line_up,event,position,shirt_number
MOHAMMADI MILAD,IRN,20,,,,
TORABI MEHDI,IRN,20,,,,
AMIRI VAHID,IRN,20,,,,
HAJI SAFI EHSAN,IRN,20,,,,
EBRAHIMI OMID,IRN,20,,,,
REZAEIAN RAMIN,IRN,20,,,,
MONTAZERI PEJMAN,IRN,20,,,,
JAHANBAKHSH ALIREZA,IRN,20,,,,
HOSSEINI MAJID,IRN,20,,,,
DEJAGAH ASHKAN,IRN,20,,,,
SHOJAEI MASOUD,IRN,20,,,,
GHODDOS  SAMAN,IRN,20,,,,
GHOOCHANNEJHAD REZA,IRN,20,,,,
CHESHMI ROOZBEH,IRN,20,,,,
ANSARIFARD KARIM,IRN,20,,,,
KHANZADEH MOHAMMAD REZA,IRN,20,,,,
TAREMI MEHDI,IRN,20,,,,
AZMOUN SARDAR,IRN,20,,,,
ABEDZADEH AMIR,IRN,20,,,GK,
EZATOLAHI SAEID,IRN,20,,,,
POURALIGANJI MORTEZA,IRN,20,,,,
MAZAHERI RASHID,IRN,20,,,GK,
BEIRANVAND ALI,IRN,20,,,GK,
ODRIOZOLA ALVARO,ESP,20,,,,
ASPAS IAGO,ESP,20,,,,
SILVA DAVID,ESP,20,,,,
INIESTA ANDRES,ESP,20,,,,
ALBA JORDI,ESP,20,,,,
THIAGO,ESP,20,,,,
VAZQUEZ LUCAS,ESP,20,,,,
DE GEA DAVID,ESP,20,,,GK,
RODRIGO,ESP,20,,,,
MONREAL NACHO,ESP,20,,,,
CARVAJAL DANI,ESP,20,,,,
KOKE,ESP,20,,,,
ISCO,ESP,20,,,,
RAMOS SERGIO,ESP,20,,,,
SAUL,ESP,20,,,,
ASENSIO MARCO,ESP,20,,,,
NACHO,ESP,20,,,,
BUSQUETS SERGIO,ESP,20,,,,
AZPILICUETA CESAR,ESP,20,,,,
ARRIZABALAGA KEPA,ESP,20,,,GK,
PIQUE GERARD,ESP,20,,,,
COSTA DIEGO,ESP,20,,G54',,
REINA PEPE,ESP,20,,,GK,
player_name,team_initials,match_id,line_up,event,position,shirt_number
MOHAMMADI MILAD,IRN,34,,,,
TORABI MEHDI,IRN,34,,,,
AMIRI VAHID,IRN,34,,,,
HAJI SAFI EHSAN,IRN,34,,,,
EBRAHIMI OMID,IRN,34,,,,
REZAEIAN RAMIN,IRN,34,,,,
MONTAZERI PEJMAN,IRN,34,,,,
JAHANBAKHSH ALIREZA,IRN,34,,,,
HOSSEINI MAJID,IRN,34,,,,
DEJAGAH ASHKAN,IRN,34,,,,
SHOJAEI MASOUD,IRN,34,,,,
GHODDOS  SAMAN,IRN,34,,,,
GHOOCHANNEJHAD REZA,IRN,34,,,,
CHESHMI ROOZBEH,IRN,34,,,,
ANSARIFARD KARIM,IRN,34,,G93',,
KHANZADEH MOHAMMAD REZA,IRN,34,,,,
TAREMI MEHDI,IRN,34,,,,
AZMOUN SARDAR,IRN,34,,,,
ABEDZADEH AMIR,IRN,34,,,GK,
EZATOLAHI SAEID,IRN,34,,,,
POURALIGANJI MORTEZA,IRN,34,,,,
MAZAHERI RASHID,IRN,34,,,GK,
BEIRANVAND ALI,IRN,34,,,GK,
JOAO MOUTINHO,POR,34,,,,
GELSON MARTINS,POR,34,,,,
RAPHAEL GUERREIRO,POR,34,,,,
BRUNO FERNANDES,POR,34,,,,
BERNARDO SILVA,POR,34,,,,
MARIO RUI,POR,34,,,,
CEDRIC,POR,34,,,,
MANUEL FERNANDES,POR,34,,,,
RICARDO,POR,34,,,,
GONCALO GUEDES,POR,34,,,,
ADRIEN SILVA,POR,34,,,,
JOAO MARIO,POR,34,,,,
RICARDO QUARESMA,POR,34,,G45',,
ANDRE SILVA,POR,34,,,,
BETO,POR,34,,,GK,
CRISTIANO RONALDO,POR,34,,,,
WILLIAM,POR,34,,,,
PEPE,POR,34,,,,
ANTHONY LOPES,POR,34,,,GK,
BRUNO ALVES,POR,34,,,,
RUBEN DIAS,POR,34,,,,
RUI PATRICIO,POR,34,,,GK,
JOSE FONTE,POR,34,,,,
player_name,team_initials,match_id,line_up,event,position,shirt_number
SKULASON ARI,ISL,40,,,,
TRAUSTASON ARNOR,ISL,40,,,,
SAEVARSSON BIRKIR,ISL,40,,,,
RUNARSSON RUNAR,ISL,40,,,GK,
GUDMUNDSSON JOHANN,ISL,40,,,,
BJARNASON BIRKIR,ISL,40,,,,
FRIDJONSSON SAMUEL,ISL,40,,,,
GISLASON RURIK,ISL,40,,,,
FINNBOGASON ALFRED,ISL,40,,,,
SKULASON OLAFUR,ISL,40,,,,
GUDMUNDSSON ALBERT,ISL,40,,,,
INGASON SVERRIR,ISL,40,,,,
EYJOLFSSON HOLMAR,ISL,40,,,,
SIGURDSSON GYLFI,ISL,40,,,,
ARNASON KARI,ISL,40,,,,
SIGURDARSON BJORN,ISL,40,,,,
MAGNUSSON HORDUR,ISL,40,,,,
SIGURDSSON RAGNAR,ISL,40,,G76',,
GUNNARSSON ARON,ISL,40,,,,
HALLFREDSSON EMIL,ISL,40,,,,
HALLDORSSON HANNES,ISL,40,,,GK,
BODVARSSON JON,ISL,40,,,,
SCHRAM FREDERIK,ISL,40,,,GK,
MODRIC LUKA,CRO,40,,,,
BROZOVIC MARCELO,CRO,40,,,,
PIVARIC JOSIP,CRO,40,,,,
KRAMARIC ANDREJ,CRO,40,,,,
VRSALJKO SIME,CRO,40,,,,
BADELJ MILAN,CRO,40,,G53',,
VIDA DOMAGOJ,CRO,40,,,,
STRINIC IVAN,CRO,40,,,,
RAKITIC IVAN,CRO,40,,,,
KOVACIC MATEO,CRO,40,,,,
BRADARIC FILIP,CRO,40,,,,
REBIC ANTE,CRO,40,,,,
PERISIC IVAN,CRO,40,,G90',,
JEDVAJ TIN,CRO,40,,,,
KALINIC NIKOLA,CRO,40,,,,
LIVAKOVIC DOMINIK,CRO,40,,,GK,
PJACA MARKO,CRO,40,,,,
CORLUKA VEDRAN,CRO,40,,,,
LOVREN DEJAN,CRO,40,,,,
SUBASIC DANIJEL,CRO,40,,,GK,
MANDZUKIC MARIO,CRO,40,,,,
CALETA-CAR DUJE,CRO,40,,,,
KALINIC LOVRE,CRO,40,,,GK,
player_name,team_initials,match_id,line_up,event,position,shirt_number
INUI TAKASHI,JPN,45,,,,
SHIBASAKI GAKU,JPN,45,,,,
OSHIMA RYOTA,JPN,45,,,,
NAGATOMO YUTO,JPN,45,,,,
HARAGUCHI GENKI,JPN,45,,,,
KAGAWA SHINJI,JPN,45,,,,
OKAZAKI SHINJI,JPN,45,,,,
SAKAI HIROKI,JPN,45,,,,
OSAKO YUYA,JPN,45,,,,
USAMI TAKASHI,JPN,45,,,,
MUTO YOSHINORI,JPN,45,,,,
YAMAGUCHI HOTARU,JPN,45,,,,
HASEBE MAKOTO,JPN,45,,,,
NAKAMURA KOSUKE,JPN,45,,,GK,
KAWASHIMA EIJI,JPN,45,,,GK,
SHOJI GEN,JPN,45,,,,
HONDA KEISUKE,JPN,45,,,,
SAKAI GOTOKU,JPN,45,,,,
ENDO WATARU,JPN,45,,,,
MAKINO TOMOAKI,JPN,45,,,,
HIGASHIGUCHI MASAAKI,JPN,45,,,GK,
YOSHIDA MAYA,JPN,45,,,,
UEDA NAOMICHI,JPN,45,,,,
ZIELINSKI PIOTR,POL,45,,,,
GORALSKI JACEK,POL,45,,,,
PESZKO SLAWOMIR,POL,45,,,,
BLASZCZYKOWSKI JAKUB,POL,45,,,,
BERESZYNSKI BARTOSZ,POL,45,,,,
LINETTY KAROL,POL,45,,,,
KURZAWA RAFAL,POL,45,,,,
RYBUS MACIEJ,POL,45,,,,
KOWNACKI DAWID,POL,45,,,,
BEDNAREK JAN,POL,45,,G59',,
PAZDAN MICHAL,POL,45,,,,
JEDRZEJCZYK ARTUR,POL,45,,,,
GROSICKI KAMIL,POL,45,,,,
TEODORCZYK LUKASZ,POL,45,,,,
LEWANDOWSKI ROBERT,POL,45,,,,
PISZCZEK LUKASZ,POL,45,,,,
GLIK KAMIL,POL,45,,,,
CIONEK THIAGO,POL,45,,,,
MILIK ARKADIUSZ,POL,45,,,,
KRYCHOWIAK GRZEGORZ,POL,45,,,,
BIALKOWSKI BARTOSZ,POL,45,,,GK,
FABIANSKI LUKASZ,POL,45,,,GK,
SZCZESNY WOJCIECH,POL,45,,,GK,
player_name,team_initials,match_id,line_up,event,position,shirt_number
INUI TAKASHI,JPN,71,,G34',,
SHIBASAKI GAKU,JPN,71,,,,
OSHIMA RYOTA,JPN,71,,,,
NAGATOMO YUTO,JPN,71,,,,
HARAGUCHI GENKI,JPN,71,,,,
KAGAWA SHINJI,JPN,71,,,,
OKAZAKI SHINJI,JPN,71,,,,
SAKAI HIROKI,JPN,71,,,,
OSAKO YUYA,JPN,71,,,,
USAMI TAKASHI,JPN,71,,,,
MUTO YOSHINORI,JPN,71,,,,
YAMAGUCHI HOTARU,JPN,71,,,,
HASEBE MAKOTO,JPN,71,,,,
NAKAMURA KOSUKE,JPN,71,,,GK,
KAWASHIMA EIJI,JPN,71,,,GK,
SHOJI GEN,JPN,71,,,,
HONDA KEISUKE,JPN,71,,G78',,
SAKAI GOTOKU,JPN,71,,,,
ENDO WATARU,JPN,71,,,,
MAKINO TOMOAKI,JPN,71,,,,
HIGASHIGUCHI MASAAKI,JPN,71,,,GK,
YOSHIDA MAYA,JPN,71,,,,
UEDA NAOMICHI,JPN,71,,,,
CISS SALIOU,SEN,71,,,,
MANE SADIO,SEN,71,,G11',,
SARR ISMAILA,SEN,71,,,,
WAGUE MOUSSA,SEN,71,,G71',,
SABALY YOUSSOUF,SEN,71,,,,
NDIAYE PAPE ALIOUNE,SEN,71,,,,
NIANG MBAYE,SEN,71,,,,
GASSAMA LAMINE,SEN,71,,,,
SOW MOUSSA,SEN,71,,,,
KOUYATE CHEIKHOU,SEN,71,,,,
BALDE KEITA,SEN,71,,,,
KONATE MOUSSA,SEN,71,,,,
DIALLO ABDOULAYE,SEN,71,,,GK,
SAKHO DIAFRA,SEN,71,,,,
NDIAYE ALFRED,SEN,71,,,,
NDIAYE KHADIM,SEN,71,,,GK,
GOMIS ALFRED,SEN,71,,,GK,
DIOUF MAME,SEN,71,,,,
SANE SALIF,SEN,71,,,,
MBODJI KARA,SEN,71,,,,
KOULIBALY KALIDOU,SEN,71,,,,
NDOYE CHEIKH,SEN,71,,,,
player_name,team_initials,match_id,line_up,event,position,shirt_number
LEE SEUNGWOO,KOR,72,,,,
GO YOHAN,KOR,72,,,,
HONG CHUL,KOR,72,,,,
MOON SEONMIN,KOR,72,,,,
KIM MINWOO,KOR,72,,,,
JU SEJONG,KOR,72,,,,
LEE JAESUNG,KOR,72,,,,
PARK JOOHO,KOR,72,,,,
KOO JACHEOL,KOR,72,,,,
LEE YONG,KOR,72,,,,
JUNG SEUNGHYUN,KOR,72,,,,
KIM YOUNGGWON,KOR,72,,G93',,
KI SUNGYUENG,KOR,72,,,,
JO HYEONWOO,KOR,72,,,GK,
SON HEUNGMIN,KOR,72,,G96',,
HWANG HEECHAN,KOR,72,,,,
JANG HYUNSOO,KOR,72,,,,
YUN YOUNGSUN,KOR,72,,,,
JUNG WOOYOUNG,KOR,72,,,,
OH BANSUK,KOR,72,,,,
KIM SEUNGGYU,KOR,72,,,,
KIM JINHYEON,KOR,72,,,GK,
KIM SHINWOOK,KOR,72,,,GK,
REUS MARCO,GER,72,,,,
OEZIL MESUT,GER,72,,,,
KIMMICH JOSHUA,GER,72,,,,
DRAXLER JULIAN,GER,72,,,,
RUDY SEBASTIAN,GER,72,,,,
HECTOR JONAS,GER,72,,,,
WERNER TIMO,GER,72,,,,
MUELLER THOMAS,GER,72,,,,
PLATTENHARDT MARVIN,GER,72,,,,
GORETZKA LEON,GER,72,,,,
KROOS TONI,GER,72,,,,
GUENDOGAN ILKAY,GER,72,,,,
KHEDIRA SAMI,GER,72,,,,
BRANDT JULIAN,GER,72,,,,
GOMEZ MARIO,GER,72,,,,
GINTER MATTHIAS,GER,72,,,,
RUEDIGER ANTONIO,GER,72,,,,
TER STEGEN MARC-ANDRE,GER,72,,,GK,
TRAPP KEVIN,GER,72,,,GK,
SUELE NIKLAS,GER,72,,,,
HUMMELS MATS,GER,72,,,,
BOATENG JEROME,GER,72,,,,
NEUER MANUEL,GER,72,,,GK,
player_name,team_initials,match_id,line_up,event,position,shirt_number
LEE SEUNGWOO,KOR,68,,,,
GO YOHAN,KOR,68,,,,
HONG CHUL,KOR,68,,,,
MOON SEONMIN,KOR,68,,,,
KIM MINWOO,KOR,68,,,,
JU SEJONG,KOR,68,,,,
LEE JAESUNG,KOR,68,,,,
PARK JOOHO,KOR,68,,,,
KOO JACHEOL,KOR,68,,,,
LEE YONG,KOR,68,,,,
JUNG SEUNGHYUN,KOR,68,,,,
KIM YOUNGGWON,KOR,68,,,,
KI SUNGYUENG,KOR,68,,,,
JO HYEONWOO,KOR,68,,,GK,
SON HEUNGMIN,KOR,68,,G93',,
HWANG HEECHAN,KOR,68,,,,
JANG HYUNSOO,KOR,68,,,,
YUN YOUNGSUN,KOR,68,,,,
JUNG WOOYOUNG,KOR,68,,,,
OH BANSUK,KOR,68,,,,
KIM SEUNGGYU,KOR,68,,,,
KIM JINHYEON,KOR,68,,,GK,
KIM SHINWOOK,KOR,68,,,GK,
AQUINO JAVIER,MEX,68,,,,
GUARDADO ANDRES,MEX,68,,,,
LOZANO HIRVING,MEX,68,,,,
DOS SANTOS JONATHAN,MEX,68,,,,
CORONA JESUS,MEX,68,,,,
FABIAN MARCO,MEX,68,,,,
DOS SANTOS GIOVANI,MEX,68,,,,
HERNANDEZ JAVIER,MEX,68,,G66',,
LAYUN MIGUEL,MEX,68,,,,
PERALTA ORIBE,MEX,68,,,,
ALVAREZ EDSON,MEX,68,,,,
GALLARDO JESUS,MEX,68,,,,
OCHOA GUILLERMO,MEX,68,,,GK,
MARQUEZ RAFAEL,MEX,68,,,,
REYES DIEGO,MEX,68,,,,
VELA CARLOS,MEX,68,,G26',,
JIMENEZ RAUL,MEX,68,,,,
HERRERA HECTOR,MEX,68,,,,
CORONA JOSE,MEX,68,,,GK,
AYALA HUGO,MEX,68,,,,
MORENO HECTOR,MEX,68,,,,
SALCEDO CARLOS,MEX,68,,,,
TALAVERA ALFREDO,MEX,68,,,GK,
player_name,team_initials,match_id,line_up,event,position,shirt_number
MOHAMMED ALBURAYK,KSA,34,,,,
SALMAN ALFARAJ,KSA,34,,G45',,
YAHIA ALSHEHRI,KSA,34,,,,
YASIR ALSHAHRANI,KSA,34,,,,
FAHAD ALMUWALLAD,KSA,34,,,,
HATAN BAHBIR,KSA,34,,,,
ABDULLAH OTAYF,KSA,34,,,,
ABDULLAH ALKHAIBARI,KSA,34,,,,
MANSOUR ALHARBI,KSA,34,,,,
SALEM ALDAWSARI,KSA,34,,G95',,
TAISEER ALJASSAM,KSA,34,,,,
ABDULMALEK ALKHAIBRI,KSA,34,,,,
MOHAMED KANNO,KSA,34,,,,
MOHAMMED ALSAHLAWI,KSA,34,,,,
OMAR OTHMAN,KSA,34,,,,
HUSSAIN ALMOQAHWI,KSA,34,,,,
MUHANNAD ASIRI,KSA,34,,,,
MOHAMMED ALOWAIS,KSA,34,,,GK,
MOTAZ HAWSAWI,KSA,34,,,,
OSAMA HAWSAWI,KSA,34,,,,
ALI ALBULAYHI,KSA,34,,,,
YASSER ALMOSAILEM,KSA,34,,,GK,
ABDULLAH ALMUAIOUF,KSA,34,,,GK,
TAREK HAMED,EGY,34,,,,
OMAR GABER,EGY,34,,,,
MOHAMED SALAH,EGY,34,,G22',,
MOHAMED ABDELSHAFY,EGY,34,,,,
MAHMOUD HAMDY,EGY,34,,,,
AYMAN ASHRAF,EGY,34,,,,
MOHAMED ELNENY,EGY,34,,,,
SAM MORSY,EGY,34,,,,
ABDALLA SAID,EGY,34,,,,
AHMED ELMOHAMADY,EGY,34,,,,
AHMED FATHI,EGY,34,,,,
KAHRABA,EGY,34,,,,
RAMADAN SOBHY,EGY,34,,,,
TREZEGUET,EGY,34,,,,
AMR WARDA,EGY,34,,,,
SHIKABALA,EGY,34,,,,
MARWAN MOHSEN,EGY,34,,,,
SAMIR SAAD,EGY,34,,,,
MOHAMED ELSHENAWY,EGY,34,,,GK,
ALI GABR,EGY,34,,,,
ESSAM EL HADARY,EGY,34,,,GK,
SHERIF EKRAMY,EGY,34,,,GK,
AHMED HEGAZY,EGY,34,,,,
player_name,team_initials,match_id,line_up,event,position,shirt_number
BOUSSOUFA MBARK,MAR,3,,,,
HAKIMI ACHRAF,MAR,3,,,,
HARIT AMINE,MAR,3,,,,
CARCELA MEHDI,MAR,3,,,,
MENDYL HAMZA,MAR,3,,,,
ZIYACH HAKIM,MAR,3,,,,
TAGNAOUTI AHMED,MAR,3,,,GK,
EL KAABI AYOUB,MAR,3,,,,
FAJR FAYCAL,MAR,3,,,,
BELHANDA YOUNES,MAR,3,,,,
AIT BENNASSER YOUSSEF,MAR,3,,,,
EN NESYRI YOUSSEF,MAR,3,,,,
SAISS ROMAIN,MAR,3,,,,
BOUNOU YASSINE,MAR,3,,,GK,
AMRABAT NOUREDDINE,MAR,3,,,,
AMRABAT SOFYAN,MAR,3,,,,
DA COSTA MANUEL,MAR,3,,,,
EL AHMADI KARIM,MAR,3,,,,
BOUTAIB KHALID,MAR,3,,,,
BOUHADDOUZ AZIZ,MAR,3,,OG95',,
DIRAR NABIL,MAR,3,,,,
BENATIA MEHDI,MAR,3,,,,
EL KAJOUI MONIR,MAR,3,,,GK,
MOHAMMADI MILAD,IRN,3,,,,
TORABI MEHDI,IRN,3,,,,
AMIRI VAHID,IRN,3,,,,
HAJI SAFI EHSAN,IRN,3,,,,
EBRAHIMI OMID,IRN,3,,,,
REZAEIAN RAMIN,IRN,3,,,,
MONTAZERI PEJMAN,IRN,3,,,,
JAHANBAKHSH ALIREZA,IRN,3,,,,
HOSSEINI MAJID,IRN,3,,,,
DEJAGAH ASHKAN,IRN,3,,,,
SHOJAEI MASOUD,IRN,3,,,,
GHODDOS  SAMAN,IRN,3,,,,
GHOOCHANNEJHAD REZA,IRN,3,,,,
CHESHMI ROOZBEH,IRN,3,,,,
ANSARIFARD KARIM,IRN,3,,,,
KHANZADEH MOHAMMAD REZA,IRN,3,,,,
TAREMI MEHDI,IRN,3,,,,
AZMOUN SARDAR,IRN,3,,,,
ABEDZADEH AMIR,IRN,3,,,GK,
EZATOLAHI SAEID,IRN,3,,,,
POURALIGANJI MORTEZA,IRN,3,,,,
MAZAHERI RASHID,IRN,3,,,GK,
BEIRANVAND ALI,IRN,3,,,GK,
player_name,team_initials,match_id,line_up,event,position,shirt_number
AQUINO JAVIER,MEX,41,,,,
GUARDADO ANDRES,MEX,41,,,,
LOZANO HIRVING,MEX,41,,,,
DOS SANTOS JONATHAN,MEX,41,,,,
CORONA JESUS,MEX,41,,,,
FABIAN MARCO,MEX,41,,,,
DOS SANTOS GIOVANI,MEX,41,,,,
HERNANDEZ JAVIER,MEX,41,,,,
LAYUN MIGUEL,MEX,41,,,,
PERALTA ORIBE,MEX,41,,,,
ALVAREZ EDSON,MEX,41,,OG74',,
GALLARDO JESUS,MEX,41,,,,
OCHOA GUILLERMO,MEX,41,,,GK,
MARQUEZ RAFAEL,MEX,41,,,,
REYES DIEGO,MEX,41,,,,
VELA CARLOS,MEX,41,,,,
JIMENEZ RAUL,MEX,41,,,,
HERRERA HECTOR,MEX,41,,,,
CORONA JOSE,MEX,41,,,GK,
AYALA HUGO,MEX,41,,,,
MORENO HECTOR,MEX,41,,,,
SALCEDO CARLOS,MEX,41,,,,
TALAVERA ALFREDO,MEX,41,,,GK,
DURMAZ JIMMY,SWE,41,,,,
LARSSON SEBASTIAN,SWE,41,,,,
KRAFTH EMIL,SWE,41,,,,
HILJEMARK OSCAR,SWE,41,,,,
EKDAL ALBIN,SWE,41,,,,
AUGUSTINSSON LUDWIG,SWE,41,,G50',,
BERG MARCUS,SWE,41,,,,
ROHDEN MARCUS,SWE,41,,,,
LUSTIG MIKAEL,SWE,41,,,,
SVENSSON GUSTAV,SWE,41,,,,
FORSBERG EMIL,SWE,41,,,,
TOIVONEN OLA,SWE,41,,,,
GUIDETTI JOHN,SWE,41,,,,
CLAESSON VIKTOR,SWE,41,,,,
LINDELOF VICTOR,SWE,41,,,,
OLSSON MARTIN,SWE,41,,,,
JOHNSSON KARL-JOHAN,SWE,41,,,GK,
HELANDER FILIP,SWE,41,,,,
THELIN ISAAC KIESE,SWE,41,,,,
GRANQVIST ANDREAS,SWE,41,,G62',,
NORDFELDT KRISTOFFER,SWE,41,,,GK,
OLSEN ROBIN,SWE,41,,,GK,
JANSSON PONTUS,SWE,41,,,,
player_name,team_initials,match_id,line_up,event,position,shirt_number
MUSA AHMED,NGA,39,,,,
NDIDI ONYINYE,NGA,39,,,,
ETEBO OGHENEKARO,NGA,39,,,,
ONAZI OGENYI,NGA,39,,,,
EBUEHI TYRONNE,NGA,39,,,,
IDOWU BRYAN,NGA,39,,,,
MOSES VICTOR,NGA,39,,G51',,
SHEHU ABDULLAHI,NGA,39,,,,
AWAZIEM CHIDOZIE,NGA,39,,,,
OBI JOEL,NGA,39,,,,
EZENWA IKECHUKWU,NGA,39,,,GK,
IHEANACHO KELECHI,NGA,39,,,,
ECHIEJILE ELDERSON,NGA,39,,,,
MIKEL JOHN OBI,NGA,39,,,,
OMERUO KENNETH,NGA,39,,,,
IGHALO ODION,NGA,39,,,,
EKONG WILLIAM,NGA,39,,,,
IWOBI ALEX,NGA,39,,,,
BALOGUN LEON,NGA,39,,,,
NWANKWO SIMEON,NGA,39,,,,
OGU JOHN,NGA,39,,,,
UZOHO FRANCIS,NGA,39,,,GK,
AKPEYI DANIEL,NGA,39,,,GK,
TAGLIAFICO NICOLAS,ARG,39,,,,
PAVON CRISTIAN,ARG,39,,,,
LANZINI MANUEL,ARG,39,,,,
SALVIO EDUARDO,ARG,39,,,,
MESSI LIONEL,ARG,39,,G14',,
ANSALDI CRISTIAN,ARG,39,,,,
BIGLIA LUCAS,ARG,39,,,,
BANEGA EVER,ARG,39,,,,
MASCHERANO JAVIER,ARG,39,,,,
DYBALA PAULO,ARG,39,,,,
AGUERO SERGIO,ARG,39,,,,
HIGUAIN GONZALO,ARG,39,,,,
DI MARIA ANGEL,ARG,39,,,,
LO CELSO GIOVANI,ARG,39,,,,
MEZA MAXIMILIANO,ARG,39,,,,
ACUNA MARCOS,ARG,39,,,,
CABALLERO WILFREDO,ARG,39,,,GK,
MERCADO GABRIEL,ARG,39,,,,
OTAMENDI NICOLAS,ARG,39,,,,
ROJO MARCOS,ARG,39,,G396',,
FAZIO FEDERICO,ARG,39,,,,
ARMANI FRANCO,ARG,39,,,GK,
GUZMAN NAHUEL,ARG,39,,,GK,
player_name,team_initials,match_id,line_up,event,position,shirt_number
MUSA AHMED,NGA,65,,G49'G75',,
NDIDI ONYINYE,NGA,65,,,,
ETEBO OGHENEKARO,NGA,65,,,,
ONAZI OGENYI,NGA,65,,,,
EBUEHI TYRONNE,NGA,65,,,,
IDOWU BRYAN,NGA,65,,,,
MOSES VICTOR,NGA,65,,,,
SHEHU ABDULLAHI,NGA,65,,,,
AWAZIEM CHIDOZIE,NGA,65,,,,
OBI JOEL,NGA,65,,,,
EZENWA IKECHUKWU,NGA,65,,,GK,
IHEANACHO KELECHI,NGA,65,,,,
ECHIEJILE ELDERSON,NGA,65,,,,
MIKEL JOHN OBI,NGA,65,,,,
OMERUO KENNETH,NGA,65,,,,
IGHALO ODION,NGA,65,,,,
EKONG WILLIAM,NGA,65,,,,
IWOBI ALEX,NGA,65,,,,
BALOGUN LEON,NGA,65,,,,
NWANKWO SIMEON,NGA,65,,,,
OGU JOHN,NGA,65,,,,
UZOHO FRANCIS,NGA,65,,,GK,
AKPEYI DANIEL,NGA,65,,,GK,
SKULASON ARI,ISL,65,,,,
TRAUSTASON ARNOR,ISL,65,,,,
SAEVARSSON BIRKIR,ISL,65,,,,
RUNARSSON RUNAR,ISL,65,,,GK,
GUDMUNDSSON JOHANN,ISL,65,,,,
BJARNASON BIRKIR,ISL,65,,,,
FRIDJONSSON SAMUEL,ISL,65,,,,
GISLASON RURIK,ISL,65,,,,
FINNBOGASON ALFRED,ISL,65,,,,
SKULASON OLAFUR,ISL,65,,,,
GUDMUNDSSON ALBERT,ISL,65,,,,
INGASON SVERRIR,ISL,65,,,,
EYJOLFSSON HOLMAR,ISL,65,,,,
SIGURDSSON GYLFI,ISL,65,,,,
ARNASON KARI,ISL,65,,,,
SIGURDARSON BJORN,ISL,65,,,,
MAGNUSSON HORDUR,ISL,65,,,,
SIGURDSSON RAGNAR,ISL,65,,,,
GUNNARSSON ARON,ISL,65,,,,
HALLFREDSSON EMIL,ISL,65,,,,
HALLDORSSON HANNES,ISL,65,,,GK,
BODVARSSON JON,ISL,65,,,,
SCHRAM FREDERIK,ISL,65,,,GK,
player_name,team_initials,match_id,line_up,event,position,shirt_number
QUINTERO ALBERTO,PAN,47,,,,
PENEDO JAIME,PAN,47,,,GK,
BARCENAS EDGAR,PAN,47,,,,
DIAZ ISMAEL,PAN,47,,,,
COOPER ARMANDO,PAN,47,,,,
OVALLE LUIS,PAN,47,,,,
TORRES GABRIEL,PAN,47,,,,
RODRIGUEZ JOSE LUIS,PAN,47,,,,
MURILLO MICHAEL,PAN,47,,,,
MACHADO ADOLFO,PAN,47,,,,
PIMENTEL VALENTIN,PAN,47,,,,
DAVIS ERIC,PAN,47,,,,
ESCOBAR FIDEL,PAN,47,,,,
GOMEZ GABRIEL,PAN,47,,,,
ARROYO ABDIEL,PAN,47,,,,
GODOY ANIBAL,PAN,47,,,,
PEREZ BLAS,PAN,47,,,,
RODRIGUEZ ALEX,PAN,47,,,GK,
CALDERON JOSE,PAN,47,,,GK,
TEJADA LUIS,PAN,47,,,,
BALOY FELIPE,PAN,47,,,,
CUMMINGS HAROLD,PAN,47,,,,
TORRES ROMAN,PAN,47,,,,
SLITI NAIM,TUN,47,,,,
SKHIRI ELLYES,TUN,47,,,,
MERIAH YASSINE,TUN,47,,OG33',,
BADRI ANICE,TUN,47,,,,
CHAALELI GHAYLEN,TUN,47,,,,
HASSEN MOUEZ,TUN,47,,,GK,
SRARFI BASSEM,TUN,47,,,,
MAALOUL ALI,TUN,47,,,,
KHALIFA SABER,TUN,47,,,,
BEN ALOUANE YOHAN,TUN,47,,,,
BRONN DYLAN,TUN,47,,,,
BEN AMOR MOHAMED,TUN,47,,,,
KHALIL AHMED,TUN,47,,,,
NAGUEZ HAMDI,TUN,47,,,,
HADDADI OUSSAMA,TUN,47,,,,
KHAOUI SAIFEDDINE,TUN,47,,,,
KHAZRI WAHBI,TUN,47,,G66',,
BEDOUI RAMI,TUN,47,,,,
BEN YOUSSEF FAKHREDDINE,TUN,47,,G51',,
SASSI FERJANI,TUN,47,,,,
MATHLOUTHI AYMEN,TUN,47,,,GK,
BEN MUSTAPHA FAROUK,TUN,47,,,GK,
BEN YOUSSEF SYAM,TUN,47,,,,
player_name,team_initials,match_id,line_up,event,position,shirt_number
HURTADO PAOLO,PER,7,,,,
RUIDIAZ RAUL,PER,7,,,,
LOYOLA NILSON,PER,7,,,,
CUEVA CHRISTIAN,PER,7,,,,
YOTUN YOSHIMAR,PER,7,,,,
POLO ANDY,PER,7,,,,
AQUINO PEDRO,PER,7,,,,
RAMOS CHRISTIAN,PER,7,,,,
FLORES EDISON,PER,7,,,,
TRAUCO MIGUEL,PER,7,,,,
CORZO ALDO,PER,7,,,,
CARTAGENA WILDER,PER,7,,,,
ARAUJO MIGUEL,PER,7,,,,
CARRILLO ANDRE,PER,7,,,,
RODRIGUEZ ALBERTO,PER,7,,,,
CACEDA CARLOS,PER,7,,,GK,
GALLESE PEDRO,PER,7,,,GK,
ADVINCULA LUIS,PER,7,,,,
SANTAMARIA ANDERSON,PER,7,,,,
CARVALLO JOSE,PER,7,,,GK,
FARFAN JEFFERSON,PER,7,,,,
TAPIA RENATO,PER,7,,,,
GUERRERO PAOLO,PER,7,,,,
KROHN-DEHLI MICHAEL,DEN,7,,,,
SISTO PIONE,DEN,7,,,,
BRAITHWAITE MARTIN,DEN,7,,,,
ERIKSEN CHRISTIAN,DEN,7,,,,
DELANEY THOMAS,DEN,7,,,,
KVIST WILLIAM,DEN,7,,,,
FISCHER VIKTOR,DEN,7,,,,
SCHONE LASSE,DEN,7,,,,
DALSGAARD HENRIK,DEN,7,,,,
KNUDSEN JONAS,DEN,7,,,,
STRYGER LARSEN JENS,DEN,7,,,,
KJAER SIMON,DEN,7,,,,
POULSEN YUSSUF YURARY,DEN,7,,G59',,
CHRISTENSEN ANDREAS,DEN,7,,,,
DOLBERG KASPER,DEN,7,,,,
JORGENSEN MATHIAS,DEN,7,,,,
LERAGER LUKAS,DEN,7,,,,
RONNOW FREDERIK,DEN,7,,,GK,
JORGENSEN NICOLAI,DEN,7,,,,
LOSSL JONAS,DEN,7,,,GK,
CORNELIUS ANDREAS,DEN,7,,,,
SCHMEICHEL KASPER,DEN,7,,,GK,
VESTERGAARD JANNIK,DEN,7,,,,
player_name,team_initials,match_id,line_up,event,position,shirt_number
ZIELINSKI PIOTR,POL,32,,,,
GORALSKI JACEK,POL,32,,,,
PESZKO SLAWOMIR,POL,32,,,,
BLASZCZYKOWSKI JAKUB,POL,32,,,,
BERESZYNSKI BARTOSZ,POL,32,,,,
LINETTY KAROL,POL,32,,,,
KURZAWA RAFAL,POL,32,,,,
RYBUS MACIEJ,POL,32,,,,
KOWNACKI DAWID,POL,32,,,,
BEDNAREK JAN,POL,32,,,,
PAZDAN MICHAL,POL,32,,,,
JEDRZEJCZYK ARTUR,POL,32,,,,
GROSICKI KAMIL,POL,32,,,,
TEODORCZYK LUKASZ,POL,32,,,,
LEWANDOWSKI ROBERT,POL,32,,,,
PISZCZEK LUKASZ,POL,32,,,,
GLIK KAMIL,POL,32,,,,
CIONEK THIAGO,POL,32,,,,
MILIK ARKADIUSZ,POL,32,,,,
KRYCHOWIAK GRZEGORZ,POL,32,,,,
BIALKOWSKI BARTOSZ,POL,32,,,GK,
FABIANSKI LUKASZ,POL,32,,,GK,
SZCZESNY WOJCIECH,POL,32,,,GK,
QUINTERO JUAN,COL,32,,,,
MOJICA JOHAN,COL,32,,,,
LERMA JEFFERSON,COL,32,,,,
ARIAS SANTIAGO,COL,32,,,,
URIBE MATEUS,COL,32,,,,
FALCAO RADAMEL,COL,32,,G70',,
CUADRADO JUAN,COL,32,,G75',,
FABRA FRANK,COL,32,,,,
IZQUIERDO JOSE,COL,32,,,,
BARRIOS  WILMAR,COL,32,,,,
BORJA MIGUEL,COL,32,,,,
RODRIGUEZ JAMES,COL,32,,,,
BACCA CARLOS,COL,32,,,,
MURIEL LUIS,COL,32,,,,
OSPINA DAVID,COL,32,,,GK,
MURILLO OSCAR,COL,32,,,,
VARGAS CAMILO,COL,32,,,GK,
CUADRADO JOSE,COL,32,,,GK,
SANCHEZ DAVINSON,COL,32,,,,
ZAPATA CRISTIAN,COL,32,,,,
SANCHEZ CARLOS,COL,32,,,,
AGUILAR ABEL,COL,32,,,,
MINA YERRY,COL,32,,G40',,
player_name,team_initials,match_id,line_up,event,position,shirt_number
ZIELINSKI PIOTR,POL,16,,,,
GORALSKI JACEK,POL,16,,,,
PESZKO SLAWOMIR,POL,16,,,,
BLASZCZYKOWSKI JAKUB,POL,16,,,,
BERESZYNSKI BARTOSZ,POL,16,,,,
LINETTY KAROL,POL,16,,,,
KURZAWA RAFAL,POL,16,,,,
RYBUS MACIEJ,POL,16,,,,
KOWNACKI DAWID,POL,16,,,,
BEDNAREK JAN,POL,16,,,,
PAZDAN MICHAL,POL,16,,,,
JEDRZEJCZYK ARTUR,POL,16,,,,
GROSICKI KAMIL,POL,16,,,,
TEODORCZYK LUKASZ,POL,16,,,,
LEWANDOWSKI ROBERT,POL,16,,,,
PISZCZEK LUKASZ,POL,16,,,,
GLIK KAMIL,POL,16,,,,
CIONEK THIAGO,POL,16,,OG37',,
MILIK ARKADIUSZ,POL,16,,,,
KRYCHOWIAK GRZEGORZ,POL,16,,G86',,
BIALKOWSKI BARTOSZ,POL,16,,,GK,
FABIANSKI LUKASZ,POL,16,,,GK,
SZCZESNY WOJCIECH,POL,16,,,GK,
GUEYE IDRISSA GANA,SEN,16,,,,
CISS SALIOU,SEN,16,,,,
MANE SADIO,SEN,16,,,,
SARR ISMAILA,SEN,16,,,,
WAGUE MOUSSA,SEN,16,,,,
SABALY YOUSSOUF,SEN,16,,,,
NDIAYE PAPE ALIOUNE,SEN,16,,,,
NIANG MBAYE,SEN,16,,G60',,
GASSAMA LAMINE,SEN,16,,,,
SOW MOUSSA,SEN,16,,,,
KOUYATE CHEIKHOU,SEN,16,,,,
BALDE KEITA,SEN,16,,,,
KONATE MOUSSA,SEN,16,,,,
DIALLO ABDOULAYE,SEN,16,,,GK,
SAKHO DIAFRA,SEN,16,,,,
NDIAYE ALFRED,SEN,16,,,,
NDIAYE KHADIM,SEN,16,,,GK,
GOMIS ALFRED,SEN,16,,,GK,
DIOUF MAME,SEN,16,,,,
SANE SALIF,SEN,16,,,,
MBODJI KARA,SEN,16,,,,
KOULIBALY KALIDOU,SEN,16,,,,
NDOYE CHEIKH,SEN,16,,,,
player_name,team_initials,match_id,line_up,event,position,shirt_number
JOAO MOUTINHO,POR,4,,,,
GELSON MARTINS,POR,4,,,,
RAPHAEL GUERREIRO,POR,4,,,,
BRUNO FERNANDES,POR,4,,,,
BERNARDO SILVA,POR,4,,,,
MARIO RUI,POR,4,,,,
CEDRIC,POR,4,,,,
MANUEL FERNANDES,POR,4,,,,
RICARDO,POR,4,,,,
GONCALO GUEDES,POR,4,,,,
ADRIEN SILVA,POR,4,,,,
JOAO MARIO,POR,4,,,,
RICARDO QUARESMA,POR,4,,,,
ANDRE SILVA,POR,4,,,,
BETO,POR,4,,,GK,
CRISTIANO RONALDO,POR,4,,G04'G44'G88',,
WILLIAM,POR,4,,,,
PEPE,POR,4,,,,
ANTHONY LOPES,POR,4,,,GK,
BRUNO ALVES,POR,4,,,,
RUBEN DIAS,POR,4,,,,
RUI PATRICIO,POR,4,,,GK,
JOSE FONTE,POR,4,,,,
ODRIOZOLA ALVARO,ESP,4,,,,
ASPAS IAGO,ESP,4,,,,
SILVA DAVID,ESP,4,,,,
INIESTA ANDRES,ESP,4,,,,
ALBA JORDI,ESP,4,,,,
THIAGO,ESP,4,,,,
VAZQUEZ LUCAS,ESP,4,,,,
DE GEA DAVID,ESP,4,,,GK,
RODRIGO,ESP,4,,,,
MONREAL NACHO,ESP,4,,,,
CARVAJAL DANI,ESP,4,,,,
KOKE,ESP,4,,,,
ISCO,ESP,4,,,,
RAMOS SERGIO,ESP,4,,,,
SAUL,ESP,4,,,,
ASENSIO MARCO,ESP,4,,,,
NACHO,ESP,4,,G58',,
BUSQUETS SERGIO,ESP,4,,,,
AZPILICUETA CESAR,ESP,4,,,,
ARRIZABALAGA KEPA,ESP,4,,,GK,
PIQUE GERARD,ESP,4,,,,
COSTA DIEGO,ESP,4,,G24'G55',,
REINA PEPE,ESP,4,,,GK,
player_name,team_initials,match_id,line_up,event,position,shirt_number
JOAO MOUTINHO,POR,18,,,,
GELSON MARTINS,POR,18,,,,
RAPHAEL GUERREIRO,POR,18,,,,
BRUNO FERNANDES,POR,18,,,,
BERNARDO SILVA,POR,18,,,,
MARIO RUI,POR,18,,,,
CEDRIC,POR,18,,,,
MANUEL FERNANDES,POR,18,,,,
RICARDO,POR,18,,,,
GONCALO GUEDES,POR,18,,,,
ADRIEN SILVA,POR,18,,,,
JOAO MARIO,POR,18,,,,
RICARDO QUARESMA,POR,18,,,,
ANDRE SILVA,POR,18,,,,
BETO,POR,18,,,GK,
CRISTIANO RONALDO,POR,18,,G04',,
WILLIAM,POR,18,,,,
PEPE,POR,18,,,,
ANTHONY LOPES,POR,18,,,GK,
BRUNO ALVES,POR,18,,,,
RUBEN DIAS,POR,18,,,,
RUI PATRICIO,POR,18,,,GK,
JOSE FONTE,POR,18,,,,
BOUSSOUFA MBARK,MAR,18,,,,
HAKIMI ACHRAF,MAR,18,,,,
HARIT AMINE,MAR,18,,,,
CARCELA MEHDI,MAR,18,,,,
MENDYL HAMZA,MAR,18,,,,
ZIYACH HAKIM,MAR,18,,,,
TAGNAOUTI AHMED,MAR,18,,,GK,
EL KAABI AYOUB,MAR,18,,,,
FAJR FAYCAL,MAR,18,,,,
BELHANDA YOUNES,MAR,18,,,,
AIT BENNASSER YOUSSEF,MAR,18,,,,
EN NESYRI YOUSSEF,MAR,18,,,,
SAISS ROMAIN,MAR,18,,,,
BOUNOU YASSINE,MAR,18,,,GK,
AMRABAT NOUREDDINE,MAR,18,,,,
AMRABAT SOFYAN,MAR,18,,,,
DA COSTA MANUEL,MAR,18,,,,
EL AHMADI KARIM,MAR,18,,,,
BOUTAIB KHALID,MAR,18,,,,
BOUHADDOUZ AZIZ,MAR,18,,,,
DIRAR NABIL,MAR,18,,,,
BENATIA MEHDI,MAR,18,,,,
EL KAJOUI MONIR,MAR,18,,,GK,
player_name,team_initials,match_id,line_up,event,position,shirt_number
MIRANCHUK ANTON,RUS,60,,,,
CHERYSHEV DENIS,RUS,60,,G31',,
GOLOVIN ALEKSANDR,RUS,60,,,,
SMOLNIKOV IGOR,RUS,60,,,,
DZAGOEV ALAN,RUS,60,,,,
KUZIAEV DALER,RUS,60,,,,
SAMEDOV ALEXANDER,RUS,60,,,,
GAZINSKY IURY,RUS,60,,,,
ZHIRKOV YURY,RUS,60,,,,
ZOBNIN ROMAN,RUS,60,,,,
MIRANCHUK ALEXEY,RUS,60,,,,
KUDRIASHOV FEDOR,RUS,60,,,,
MARIO FERNANDES,RUS,60,,G115',,
SMOLOV FEDOR,RUS,60,,,,
EROKHIN ALEKSANDR,RUS,60,,,,
LUNEV ANDREI,RUS,60,,,GK,
GRANAT VLADIMIR,RUS,60,,,,
GABULOV VLADIMIR,RUS,60,,,GK,
KUTEPOV ILYA,RUS,60,,,,
AKINFEEV IGOR,RUS,60,,,GK,
IGNASHEVICH SERGEY,RUS,60,,,,
SEMENOV ANDREY,RUS,60,,,,
DZYUBA ARTEM,RUS,60,,,,
MODRIC LUKA,CRO,60,,,,
BROZOVIC MARCELO,CRO,60,,,,
PIVARIC JOSIP,CRO,60,,,,
KRAMARIC ANDREJ,CRO,60,,G39',,
VRSALJKO SIME,CRO,60,,,,
BADELJ MILAN,CRO,60,,,,
VIDA DOMAGOJ,CRO,60,,G101',,
STRINIC IVAN,CRO,60,,,,
RAKITIC IVAN,CRO,60,,,,
KOVACIC MATEO,CRO,60,,,,
BRADARIC FILIP,CRO,60,,,,
REBIC ANTE,CRO,60,,,,
PERISIC IVAN,CRO,60,,,,
JEDVAJ TIN,CRO,60,,,,
KALINIC NIKOLA,CRO,60,,,,
LIVAKOVIC DOMINIK,CRO,60,,,GK,
PJACA MARKO,CRO,60,,,,
CORLUKA VEDRAN,CRO,60,,,,
LOVREN DEJAN,CRO,60,,,,
SUBASIC DANIJEL,CRO,60,,,GK,
MANDZUKIC MARIO,CRO,60,,,,
CALETA-CAR DUJE,CRO,60,,,,
KALINIC LOVRE,CRO,60,,,GK,
player_name,team_initials,match_id,line_up,event,position,shirt_number
MIRANCHUK ANTON,RUS,17,,,,
CHERYSHEV DENIS,RUS,17,,G59',,
GOLOVIN ALEKSANDR,RUS,17,,,,
SMOLNIKOV IGOR,RUS,17,,,,
DZAGOEV ALAN,RUS,17,,,,
KUZIAEV DALER,RUS,17,,,,
SAMEDOV ALEXANDER,RUS,17,,,,
GAZINSKY IURY,RUS,17,,,,
ZHIRKOV YURY,RUS,17,,,,
ZOBNIN ROMAN,RUS,17,,,,
MIRANCHUK ALEXEY,RUS,17,,,,
KUDRIASHOV FEDOR,RUS,17,,,,
MARIO FERNANDES,RUS,17,,,,
SMOLOV FEDOR,RUS,17,,,,
EROKHIN ALEKSANDR,RUS,17,,,,
LUNEV ANDREI,RUS,17,,,GK,
GRANAT VLADIMIR,RUS,17,,,,
GABULOV VLADIMIR,RUS,17,,,GK,
KUTEPOV ILYA,RUS,17,,,,
AKINFEEV IGOR,RUS,17,,,GK,
IGNASHEVICH SERGEY,RUS,17,,,,
SEMENOV ANDREY,RUS,17,,,,
DZYUBA ARTEM,RUS,17,,G62',,
TAREK HAMED,EGY,17,,,,
OMAR GABER,EGY,17,,,,
MOHAMED SALAH,EGY,17,,G73',,
MOHAMED ABDELSHAFY,EGY,17,,,,
MAHMOUD HAMDY,EGY,17,,,,
AYMAN ASHRAF,EGY,17,,,,
MOHAMED ELNENY,EGY,17,,,,
SAM MORSY,EGY,17,,,,
ABDALLA SAID,EGY,17,,,,
AHMED ELMOHAMADY,EGY,17,,,,
AHMED FATHI,EGY,17,,OG47',,
KAHRABA,EGY,17,,,,
RAMADAN SOBHY,EGY,17,,,,
TREZEGUET,EGY,17,,,,
AMR WARDA,EGY,17,,,,
SHIKABALA,EGY,17,,,,
MARWAN MOHSEN,EGY,17,,,,
SAMIR SAAD,EGY,17,,,,
MOHAMED ELSHENAWY,EGY,17,,,GK,
ALI GABR,EGY,17,,,,
ESSAM EL HADARY,EGY,17,,,GK,
SHERIF EKRAMY,EGY,17,,,GK,
AHMED HEGAZY,EGY,17,,,,
player_name,team_initials,match_id,line_up,event,position,shirt_number
MIRANCHUK ANTON,RUS,1,,,,
CHERYSHEV DENIS,RUS,1,,G43'G91',,
GOLOVIN ALEKSANDR,RUS,1,,G94',,
SMOLNIKOV IGOR,RUS,1,,,,
DZAGOEV ALAN,RUS,1,,,,
KUZIAEV DALER,RUS,1,,,,
SAMEDOV ALEXANDER,RUS,1,,,,
GAZINSKY IURY,RUS,1,,G12',,
ZHIRKOV YURY,RUS,1,,,,
ZOBNIN ROMAN,RUS,1,,,,
MIRANCHUK ALEXEY,RUS,1,,,,
KUDRIASHOV FEDOR,RUS,1,,,,
MARIO FERNANDES,RUS,1,,,,
SMOLOV FEDOR,RUS,1,,,,
EROKHIN ALEKSANDR,RUS,1,,,,
LUNEV ANDREI,RUS,1,,,GK,
GRANAT VLADIMIR,RUS,1,,,,
GABULOV VLADIMIR,RUS,1,,,GK,
KUTEPOV ILYA,RUS,1,,,,
AKINFEEV IGOR,RUS,1,,,GK,
IGNASHEVICH SERGEY,RUS,1,,,,
SEMENOV ANDREY,RUS,1,,,,
DZYUBA ARTEM,RUS,1,,G71',,
MOHAMMED ALBURAYK,KSA,1,,,,
SALMAN ALFARAJ,KSA,1,,,,
YAHIA ALSHEHRI,KSA,1,,,,
YASIR ALSHAHRANI,KSA,1,,,,
FAHAD ALMUWALLAD,KSA,1,,,,
HATAN BAHBIR,KSA,1,,,,
ABDULLAH OTAYF,KSA,1,,,,
ABDULLAH ALKHAIBARI,KSA,1,,,,
MANSOUR ALHARBI,KSA,1,,,,
SALEM ALDAWSARI,KSA,1,,,,
TAISEER ALJASSAM,KSA,1,,,,
ABDULMALEK ALKHAIBRI,KSA,1,,,,
MOHAMED KANNO,KSA,1,,,,
MOHAMMED ALSAHLAWI,KSA,1,,,,
OMAR OTHMAN,KSA,1,,,,
HUSSAIN ALMOQAHWI,KSA,1,,,,
MUHANNAD ASIRI,KSA,1,,,,
MOHAMMED ALOWAIS,KSA,1,,,GK,
MOTAZ HAWSAWI,KSA,1,,,,
OSAMA HAWSAWI,KSA,1,,,,
ALI ALBULAYHI,KSA,1,,,,
YASSER ALMOSAILEM,KSA,1,,,GK,
ABDULLAH ALMUAIOUF,KSA,1,,,GK,
player_name,team_initials,match_id,line_up,event,position,shirt_number
CISS SALIOU,SEN,46,,,,
MANE SADIO,SEN,46,,,,
SARR ISMAILA,SEN,46,,,,
WAGUE MOUSSA,SEN,46,,,,
SABALY YOUSSOUF,SEN,46,,,,
NDIAYE PAPE ALIOUNE,SEN,46,,,,
NIANG MBAYE,SEN,46,,,,
GASSAMA LAMINE,SEN,46,,,,
SOW MOUSSA,SEN,46,,,,
KOUYATE CHEIKHOU,SEN,46,,,,
BALDE KEITA,SEN,46,,,,
KONATE MOUSSA,SEN,46,,,,
DIALLO ABDOULAYE,SEN,46,,,GK,
SAKHO DIAFRA,SEN,46,,,,
NDIAYE ALFRED,SEN,46,,,,
NDIAYE KHADIM,SEN,46,,,GK,
GOMIS ALFRED,SEN,46,,,GK,
DIOUF MAME,SEN,46,,,,
SANE SALIF,SEN,46,,,,
MBODJI KARA,SEN,46,,,,
KOULIBALY KALIDOU,SEN,46,,,,
NDOYE CHEIKH,SEN,46,,,,
QUINTERO JUAN,COL,46,,,,
MOJICA JOHAN,COL,46,,,,
LERMA JEFFERSON,COL,46,,,,
ARIAS SANTIAGO,COL,46,,,,
URIBE MATEUS,COL,46,,,,
FALCAO RADAMEL,COL,46,,,,
CUADRADO JUAN,COL,46,,,,
FABRA FRANK,COL,46,,,,
IZQUIERDO JOSE,COL,46,,,,
BARRIOS  WILMAR,COL,46,,,,
BORJA MIGUEL,COL,46,,,,
RODRIGUEZ JAMES,COL,46,,,,
BACCA CARLOS,COL,46,,,,
MURIEL LUIS,COL,46,,,,
OSPINA DAVID,COL,46,,,GK,
MURILLO OSCAR,COL,46,,,,
VARGAS CAMILO,COL,46,,,GK,
CUADRADO JOSE,COL,46,,,GK,
SANCHEZ DAVINSON,COL,46,,,,
ZAPATA CRISTIAN,COL,46,,,,
SANCHEZ CARLOS,COL,46,,,,
AGUILAR ABEL,COL,46,,,,
MINA YERRY,COL,46,,G74',,
player_name,team_initials,match_id,line_up,event,position,shirt_number
ZIVKOVIC ANDRIJA,SRB,79,,,,
RODIC MILAN,SRB,79,,,,
RUKAVINA ANTONIO,SRB,79,,,,
LJAJIC ADEM,SRB,79,,,,
JOVIC LUKA,SRB,79,,,,
TADIC DUSAN,SRB,79,,,,
RADONJIC NEMANJA,SRB,79,,,,
MILINKOVIC-SAVIC SERGEJ,SRB,79,,,,
VELJKOVIC MILOS,SRB,79,,,,
TOSIC DUSKO,SRB,79,,,,
MILIVOJEVIC LUKA,SRB,79,,,,
SPAJIC UROS,SRB,79,,,,
MITROVIC ALEKSANDAR,SRB,79,,,,
GRUJIC MARKO,SRB,79,,,,
KOSTIC FILIP,SRB,79,,,,
KOLAROV ALEKSANDAR,SRB,79,,,,
RAJKOVIC PREDRAG,SRB,79,,,GK,
MATIC NEMANJA,SRB,79,,,,
PRIJOVIC ALEKSANDAR,SRB,79,,,,
IVANOVIC BRANISLAV,SRB,79,,,,
MILENKOVIC NIKOLA,SRB,79,,,,
DMITROVIC MARKO,SRB,79,,,GK,
STOJKOVIC VLADIMIR,SRB,79,,,GK,
FRED,BRA,79,,,,
TAISON,BRA,79,,,,
FERNANDINHO,BRA,79,,,,
FAGNER,BRA,79,,,,
NEYMAR,BRA,79,,,,
PHILIPPE COUTINHO,BRA,79,,,,
DOUGLAS COSTA,BRA,79,,,,
FILIPE LUIS,BRA,79,,,,
GABRIEL JESUS,BRA,79,,,,
MARQUINHOS,BRA,79,,,,
ROBERTO FIRMINO,BRA,79,,,,
WILLIAN,BRA,79,,,,
MIRANDA,BRA,79,,,,
DANILO,BRA,79,,,,
THIAGO SILVA,BRA,79,,G68',,
MARCELO,BRA,79,,,,
PAULINHO,BRA,79,,G36',,
PEDRO GEROMEL,BRA,79,,,,
CASEMIRO,BRA,79,,,,
RENATO AUGUSTO,BRA,79,,,,
EDERSON,BRA,79,,,GK,
ALISSON,BRA,79,,,GK,
CASSIO,BRA,79,,,GK,
player_name,team_initials,match_id,line_up,event,position,shirt_number
ZIVKOVIC ANDRIJA,SRB,78,,,,
RODIC MILAN,SRB,78,,,,
RUKAVINA ANTONIO,SRB,78,,,,
LJAJIC ADEM,SRB,78,,,,
JOVIC LUKA,SRB,78,,,,
TADIC DUSAN,SRB,78,,,,
RADONJIC NEMANJA,SRB,78,,,,
MILINKOVIC-SAVIC SERGEJ,SRB,78,,,,
VELJKOVIC MILOS,SRB,78,,,,
TOSIC DUSKO,SRB,78,,,,
MILIVOJEVIC LUKA,SRB,78,,,,
SPAJIC UROS,SRB,78,,,,
MITROVIC ALEKSANDAR,SRB,78,,G05',,
GRUJIC MARKO,SRB,78,,,,
KOSTIC FILIP,SRB,78,,,,
KOLAROV ALEKSANDAR,SRB,78,,,,
RAJKOVIC PREDRAG,SRB,78,,,GK,
MATIC NEMANJA,SRB,78,,,,
PRIJOVIC ALEKSANDAR,SRB,78,,,,
IVANOVIC BRANISLAV,SRB,78,,,,
MILENKOVIC NIKOLA,SRB,78,,,,
DMITROVIC MARKO,SRB,78,,,GK,
STOJKOVIC VLADIMIR,SRB,78,,,GK,
FERNANDES GELSON,SUI,78,,,,
FREULER REMO,SUI,78,,,,
GAVRANOVIC MARIO,SUI,78,,,,
MOUBANDJE FRANCOIS,SUI,78,,,,
LICHTSTEINER STEPHAN,SUI,78,,,,
ELVEDI NICO,SUI,78,,,,
DZEMAILI BLERIM,SUI,78,,,,
ZAKARIA DENIS,SUI,78,,,,
LANG MICHAEL,SUI,78,,,,
BEHRAMI VALON,SUI,78,,,,
DRMIC JOSIP,SUI,78,,,,
SHAQIRI XHERDAN,SUI,78,,G90',,
RODRIGUEZ RICARDO,SUI,78,,,,
ZUBER STEVEN,SUI,78,,,,
SOMMER YANN,SUI,78,,,GK,
XHAKA GRANIT,SUI,78,,G52',,
BUERKI ROMAN,SUI,78,,,GK,
SCHAER FABIAN,SUI,78,,,,
MVOGO YVON,SUI,78,,,GK,
AKANJI MANUEL,SUI,78,,,,
EMBOLO BREEL,SUI,78,,,,
SEFEROVIC HARIS,SUI,78,,,,
DJOUROU JOHAN,SUI,78,,,,
player_name,team_initials,match_id,line_up,event,position,shirt_number
FERNANDES GELSON,SUI,44,,,,
FREULER REMO,SUI,44,,,,
GAVRANOVIC MARIO,SUI,44,,,,
MOUBANDJE FRANCOIS,SUI,44,,,,
LICHTSTEINER STEPHAN,SUI,44,,,,
ELVEDI NICO,SUI,44,,,,
DZEMAILI BLERIM,SUI,44,,G31',,
ZAKARIA DENIS,SUI,44,,,,
LANG MICHAEL,SUI,44,,,,
BEHRAMI VALON,SUI,44,,,,
DRMIC JOSIP,SUI,44,,G88',,
SHAQIRI XHERDAN,SUI,44,,,,
RODRIGUEZ RICARDO,SUI,44,,,,
ZUBER STEVEN,SUI,44,,,,
SOMMER YANN,SUI,44,,OG93',GK,
XHAKA GRANIT,SUI,44,,,,
BUERKI ROMAN,SUI,44,,,GK,
SCHAER FABIAN,SUI,44,,,,
MVOGO YVON,SUI,44,,,GK,
AKANJI MANUEL,SUI,44,,,,
EMBOLO BREEL,SUI,44,,,,
SEFEROVIC HARIS,SUI,44,,,,
DJOUROU JOHAN,SUI,44,,,,
BOLANOS CHRISTIAN,CRC,44,,,,
GAMBOA CRISTIAN,CRC,44,,,,
TEJEDA YELTSIN,CRC,44,,,,
SMITH IAN,CRC,44,,,,
OVIEDO BRYAN,CRC,44,,,,
WALLACE RODNEY,CRC,44,,,,
URENA MARCOS,CRC,44,,,,
MATARRITA RONALD,CRC,44,,,,
MOREIRA LEONEL,CRC,44,,,GK,
CAMPBELL JOEL,CRC,44,,,,
PEMBERTON PATRICK,CRC,44,,,GK,
RUIZ BRYAN,CRC,44,,,,
ACOSTA JOHNNY,CRC,44,,,,
COLINDRES DANIEL,CRC,44,,,,
VENEGAS JOHAN,CRC,44,,,,
GONZALEZ GIANCARLO,CRC,44,,,,
CALVO FRANCISCO,CRC,44,,,,
GUZMAN DAVID,CRC,44,,,,
BORGES CELSO,CRC,44,,,,
NAVAS KEYLOR,CRC,44,,,GK,
DUARTE OSCAR,CRC,44,,,,
AZOFEIFA RANDALL,CRC,44,,,,
WASTON KENDALL,CRC,44,,G56',,
player_name,team_initials,match_id,line_up,event,position,shirt_number
DURMAZ JIMMY,SWE,59,,,,
LARSSON SEBASTIAN,SWE,59,,,,
KRAFTH EMIL,SWE,59,,,,
HILJEMARK OSCAR,SWE,59,,,,
EKDAL ALBIN,SWE,59,,,,
AUGUSTINSSON LUDWIG,SWE,59,,,,
BERG MARCUS,SWE,59,,,,
ROHDEN MARCUS,SWE,59,,,,
LUSTIG MIKAEL,SWE,59,,,,
SVENSSON GUSTAV,SWE,59,,,,
FORSBERG EMIL,SWE,59,,,,
TOIVONEN OLA,SWE,59,,,,
GUIDETTI JOHN,SWE,59,,,,
CLAESSON VIKTOR,SWE,59,,,,
LINDELOF VICTOR,SWE,59,,,,
OLSSON MARTIN,SWE,59,,,,
JOHNSSON KARL-JOHAN,SWE,59,,,GK,
HELANDER FILIP,SWE,59,,,,
THELIN ISAAC KIESE,SWE,59,,,,
GRANQVIST ANDREAS,SWE,59,,,,
NORDFELDT KRISTOFFER,SWE,59,,,GK,
OLSEN ROBIN,SWE,59,,,GK,
JANSSON PONTUS,SWE,59,,,,
LINGARD JESSE,ENG,59,,,,
STERLING RAHEEM,ENG,59,,,,
ALEXANDER-ARNOLD TRENT,ENG,59,,,,
PICKFORD JORDAN,ENG,59,,,GK,
STONES JOHN,ENG,59,,,,
TRIPPIER KIERAN,ENG,59,,,,
JONES PHIL,ENG,59,,,,
LOFTUS-CHEEK RUBEN,ENG,59,,,,
ROSE DANNY,ENG,59,,,,
ALLI DELE,ENG,59,,G59',,
POPE NICK,ENG,59,,,GK,
WELBECK DANNY,ENG,59,,,,
DELPH FABIAN,ENG,59,,,,
YOUNG ASHLEY,ENG,59,,,,
RASHFORD MARCUS,ENG,59,,,,
VARDY JAMIE,ENG,59,,,,
HENDERSON JORDAN,ENG,59,,,,
WALKER KYLE,ENG,59,,,,
CAHILL GARY,ENG,59,,,,
DIER ERIC,ENG,59,,,,
BUTLAND JACK,ENG,59,,,GK,
MAGUIRE HARRY,ENG,59,,G30',,
KANE HARRY,ENG,59,,,,
player_name,team_initials,match_id,line_up,event,position,shirt_number
DURMAZ JIMMY,SWE,12,,,,
LARSSON SEBASTIAN,SWE,12,,,,
KRAFTH EMIL,SWE,12,,,,
HILJEMARK OSCAR,SWE,12,,,,
EKDAL ALBIN,SWE,12,,,,
AUGUSTINSSON LUDWIG,SWE,12,,,,
BERG MARCUS,SWE,12,,,,
ROHDEN MARCUS,SWE,12,,,,
LUSTIG MIKAEL,SWE,12,,,,
SVENSSON GUSTAV,SWE,12,,,,
FORSBERG EMIL,SWE,12,,,,
TOIVONEN OLA,SWE,12,,,,
GUIDETTI JOHN,SWE,12,,,,
CLAESSON VIKTOR,SWE,12,,,,
LINDELOF VICTOR,SWE,12,,,,
OLSSON MARTIN,SWE,12,,,,
JOHNSSON KARL-JOHAN,SWE,12,,,GK,
HELANDER FILIP,SWE,12,,,,
THELIN ISAAC KIESE,SWE,12,,,,
GRANQVIST ANDREAS,SWE,12,,G65',,
NORDFELDT KRISTOFFER,SWE,12,,,GK,
OLSEN ROBIN,SWE,12,,,GK,
JANSSON PONTUS,SWE,12,,,,
LEE SEUNGWOO,KOR,12,,,,
GO YOHAN,KOR,12,,,,
HONG CHUL,KOR,12,,,,
MOON SEONMIN,KOR,12,,,,
KIM MINWOO,KOR,12,,,,
JU SEJONG,KOR,12,,,,
LEE JAESUNG,KOR,12,,,,
PARK JOOHO,KOR,12,,,,
KOO JACHEOL,KOR,12,,,,
LEE YONG,KOR,12,,,,
JUNG SEUNGHYUN,KOR,12,,,,
KIM YOUNGGWON,KOR,12,,,,
KI SUNGYUENG,KOR,12,,,,
JO HYEONWOO,KOR,12,,,GK,
SON HEUNGMIN,KOR,12,,,,
HWANG HEECHAN,KOR,12,,,,
JANG HYUNSOO,KOR,12,,,,
YUN YOUNGSUN,KOR,12,,,,
JUNG WOOYOUNG,KOR,12,,,,
OH BANSUK,KOR,12,,,,
KIM SEUNGGYU,KOR,12,,,,
KIM JINHYEON,KOR,12,,,GK,
KIM SHINWOOK,KOR,12,,,GK,
player_name,team_initials,match_id,line_up,event,position,shirt_number
DURMAZ JIMMY,SWE,81,,,,
LARSSON SEBASTIAN,SWE,81,,,,
KRAFTH EMIL,SWE,81,,,,
HILJEMARK OSCAR,SWE,81,,,,
EKDAL ALBIN,SWE,81,,,,
AUGUSTINSSON LUDWIG,SWE,81,,,,
BERG MARCUS,SWE,81,,,,
ROHDEN MARCUS,SWE,81,,,,
LUSTIG MIKAEL,SWE,81,,,,
SVENSSON GUSTAV,SWE,81,,,,
FORSBERG EMIL,SWE,81,,G66',,
TOIVONEN OLA,SWE,81,,,,
GUIDETTI JOHN,SWE,81,,,,
CLAESSON VIKTOR,SWE,81,,,,
LINDELOF VICTOR,SWE,81,,,,
OLSSON MARTIN,SWE,81,,,,
JOHNSSON KARL-JOHAN,SWE,81,,,GK,
HELANDER FILIP,SWE,81,,,,
THELIN ISAAC KIESE,SWE,81,,,,
GRANQVIST ANDREAS,SWE,81,,,,
NORDFELDT KRISTOFFER,SWE,81,,,GK,
OLSEN ROBIN,SWE,81,,,GK,
JANSSON PONTUS,SWE,81,,,,
FERNANDES GELSON,SUI,81,,,,
FREULER REMO,SUI,81,,,,
GAVRANOVIC MARIO,SUI,81,,,,
MOUBANDJE FRANCOIS,SUI,81,,,,
LICHTSTEINER STEPHAN,SUI,81,,,,
ELVEDI NICO,SUI,81,,,,
DZEMAILI BLERIM,SUI,81,,,,
ZAKARIA DENIS,SUI,81,,,,
LANG MICHAEL,SUI,81,,,,
BEHRAMI VALON,SUI,81,,,,
DRMIC JOSIP,SUI,81,,,,
SHAQIRI XHERDAN,SUI,81,,,,
RODRIGUEZ RICARDO,SUI,81,,,,
ZUBER STEVEN,SUI,81,,,,
SOMMER YANN,SUI,81,,,GK,
XHAKA GRANIT,SUI,81,,,,
BUERKI ROMAN,SUI,81,,,GK,
SCHAER FABIAN,SUI,81,,,,
MVOGO YVON,SUI,81,,,GK,
AKANJI MANUEL,SUI,81,,,,
EMBOLO BREEL,SUI,81,,,,
SEFEROVIC HARIS,SUI,81,,,,
DJOUROU JOHAN,SUI,81,,,,
player_name,team_initials,match_id,line_up,event,position,shirt_number
SLITI NAIM,TUN,14,,,,
SKHIRI ELLYES,TUN,14,,,,
MERIAH YASSINE,TUN,14,,,,
BADRI ANICE,TUN,14,,,,
CHAALELI GHAYLEN,TUN,14,,,,
HASSEN MOUEZ,TUN,14,,,GK,
SRARFI BASSEM,TUN,14,,,,
MAALOUL ALI,TUN,14,,,,
KHALIFA SABER,TUN,14,,,,
BEN ALOUANE YOHAN,TUN,14,,,,
BRONN DYLAN,TUN,14,,,,
BEN AMOR MOHAMED,TUN,14,,,,
KHALIL AHMED,TUN,14,,,,
NAGUEZ HAMDI,TUN,14,,,,
HADDADI OUSSAMA,TUN,14,,,,
KHAOUI SAIFEDDINE,TUN,14,,,,
KHAZRI WAHBI,TUN,14,,,,
BEDOUI RAMI,TUN,14,,,,
BEN YOUSSEF FAKHREDDINE,TUN,14,,,,
SASSI FERJANI,TUN,14,,G35',,
MATHLOUTHI AYMEN,TUN,14,,,GK,
BEN MUSTAPHA FAROUK,TUN,14,,,GK,
BEN YOUSSEF SYAM,TUN,14,,,,
LINGARD JESSE,ENG,14,,,,
STERLING RAHEEM,ENG,14,,,,
ALEXANDER-ARNOLD TRENT,ENG,14,,,,
PICKFORD JORDAN,ENG,14,,,GK,
STONES JOHN,ENG,14,,,,
TRIPPIER KIERAN,ENG,14,,,,
JONES PHIL,ENG,14,,,,
LOFTUS-CHEEK RUBEN,ENG,14,,,,
ROSE DANNY,ENG,14,,,,
ALLI DELE,ENG,14,,,,
POPE NICK,ENG,14,,,GK,
WELBECK DANNY,ENG,14,,,,
DELPH FABIAN,ENG,14,,,,
YOUNG ASHLEY,ENG,14,,,,
RASHFORD MARCUS,ENG,14,,,,
VARDY JAMIE,ENG,14,,,,
HENDERSON JORDAN,ENG,14,,,,
WALKER KYLE,ENG,14,,,,
CAHILL GARY,ENG,14,,,,
DIER ERIC,ENG,14,,,,
BUTLAND JACK,ENG,14,,,GK,
MAGUIRE HARRY,ENG,14,,,,
KANE HARRY,ENG,14,,G11'G91',,
player_name,team_initials,Match_id,line_up,event,position,shirt_number
NANDEZ NAHITAN,URU,77,,,,
TORREIRA LUCAS,URU,77,,,,
DE ARRASCAETA GIORGIAN,URU,77,,,,
LAXALT DIEGO,URU,77,,,,
URRETAVISCAYA JONATHAN,URU,77,,,,
VARELA GUILLERMO,URU,77,,,,
GODIN DIEGO,URU,77,,,,
BENTANCUR RODRIGO,URU,77,,,,
PEREIRA MAXIMILIANO,URU,77,,,,
MUSLERA FERNANDO,URU,77,,,GK,
SANCHEZ CARLOS,URU,77,,,,
SILVA GASTON,URU,77,,,,
CACERES MARTIN,URU,77,,,,
GIMENEZ JOSE,URU,77,,,,
STUANI CRISTHIAN,URU,77,,,,
CAVANI EDINSON,URU,77,,,,
RODRIGUEZ CRISTIAN,URU,77,,,,
CAMPANA MARTIN,URU,77,,,GK,
VECINO MATIAS,URU,77,,,,
SILVA MARTIN,URU,77,,,GK,
SUAREZ LUIS,URU,77,,,,
GOMEZ MAXIMILIANO,URU,77,,,,
COATES SEBASTIAN,URU,77,,,,
LEMAR THOMAS,FRA,77,,,,
DEMBELE OUSMANE,FRA,77,,,,
KANTE NGOLO,FRA,77,,,,
GRIEZMANN ANTOINE,FRA,77,,G61',,
MATUIDI BLAISE,FRA,77,,,,
PAVARD BENJAMIN,FRA,77,,,,
FEKIR NABIL,FRA,77,,,,
THAUVIN FLORIAN,FRA,77,,,,
HERNANDEZ LUCAS,FRA,77,,,,
KIMPEMBE PRESNEL,FRA,77,,,,
MBAPPE KYLIAN,FRA,77,,,,
VARANE RAPHAEL,FRA,77,,G40',,
SIDIBE DJIBRIL,FRA,77,,,,
LLORIS HUGO,FRA,77,,,GK,
TOLISSO CORENTIN,FRA,77,,,,
UMTITI SAMUEL,FRA,77,,,,
MENDY BENJAMIN,FRA,77,,,,
POGBA PAUL,FRA,77,,,,
NZONZI STEVEN,FRA,77,,,,
MANDANDA STEVE,FRA,77,,,GK,
RAMI ADIL,FRA,77,,,,
GIROUD OLIVIER,FRA,77,,,,
AREOLA ALPHONSE,FRA,77,,,GK,
player_name,team_initials,Match_id,line_up,event,position,shirt_number
NANDEZ NAHITAN,URU,19,,,,
TORREIRA LUCAS,URU,19,,,,
DE ARRASCAETA GIORGIAN,URU,19,,,,
LAXALT DIEGO,URU,19,,,,
URRETAVISCAYA JONATHAN,URU,19,,,,
VARELA GUILLERMO,URU,19,,,,
GODIN DIEGO,URU,19,,,,
BENTANCUR RODRIGO,URU,19,,,,
PEREIRA MAXIMILIANO,URU,19,,,,
MUSLERA FERNANDO,URU,19,,,GK,
SANCHEZ CARLOS,URU,19,,,,
SILVA GASTON,URU,19,,,,
CACERES MARTIN,URU,19,,,,
GIMENEZ JOSE,URU,19,,,,
STUANI CRISTHIAN,URU,19,,,,
CAVANI EDINSON,URU,19,,,,
RODRIGUEZ CRISTIAN,URU,19,,,,
CAMPANA MARTIN,URU,19,,,GK,
VECINO MATIAS,URU,19,,,,
SILVA MARTIN,URU,19,,,GK,
SUAREZ LUIS,URU,19,,G23',,
GOMEZ MAXIMILIANO,URU,19,,,,
COATES SEBASTIAN,URU,19,,,,
MOHAMMED ALBURAYK,KSA,19,,,,
SALMAN ALFARAJ,KSA,19,,,,
YAHIA ALSHEHRI,KSA,19,,,,
YASIR ALSHAHRANI,KSA,19,,,,
FAHAD ALMUWALLAD,KSA,19,,,,
HATAN BAHBIR,KSA,19,,,,
ABDULLAH OTAYF,KSA,19,,,,
ABDULLAH ALKHAIBARI,KSA,19,,,,
MANSOUR ALHARBI,KSA,19,,,,
SALEM ALDAWSARI,KSA,19,,,,
TAISEER ALJASSAM,KSA,19,,,,
ABDULMALEK ALKHAIBRI,KSA,19,,,,
MOHAMED KANNO,KSA,19,,,,
MOHAMMED ALSAHLAWI,KSA,19,,,,
OMAR OTHMAN,KSA,19,,,,
HUSSAIN ALMOQAHWI,KSA,19,,,,
MUHANNAD ASIRI,KSA,19,,,,
MOHAMMED ALOWAIS,KSA,19,,,GK,
MOTAZ HAWSAWI,KSA,19,,,,
OSAMA HAWSAWI,KSA,19,,,,
ALI ALBULAYHI,KSA,19,,,,
YASSER ALMOSAILEM,KSA,19,,,GK,
ABDULLAH ALMUAIOUF,KSA,19,,,GK,
player_name,team_initials,match_id,line_up,event,position,shirt_number
NANDEZ NAHITAN,URU,50,,,,
TORREIRA LUCAS,URU,50,,,,
DE ARRASCAETA GIORGIAN,URU,50,,,,
LAXALT DIEGO,URU,50,,,,
URRETAVISCAYA JONATHAN,URU,50,,,,
VARELA GUILLERMO,URU,50,,,,
GODIN DIEGO,URU,50,,,,
BENTANCUR RODRIGO,URU,50,,,,
PEREIRA MAXIMILIANO,URU,50,,,,
MUSLERA FERNANDO,URU,50,,,GK,
SANCHEZ CARLOS,URU,50,,,,
SILVA GASTON,URU,50,,,,
CACERES MARTIN,URU,50,,,,
GIMENEZ JOSE,URU,50,,,,
STUANI CRISTHIAN,URU,50,,,,
CAVANI EDINSON,URU,50,,G07'G62',,
RODRIGUEZ CRISTIAN,URU,50,,,,
CAMPANA MARTIN,URU,50,,,GK,
VECINO MATIAS,URU,50,,,,
SILVA MARTIN,URU,50,,,GK,
SUAREZ LUIS,URU,50,,,,
GOMEZ MAXIMILIANO,URU,50,,,,
COATES SEBASTIAN,URU,50,,,,
JOAO MOUTINHO,POR,50,,,,
GELSON MARTINS,POR,50,,,,
RAPHAEL GUERREIRO,POR,50,,,,
BRUNO FERNANDES,POR,50,,,,
BERNARDO SILVA,POR,50,,,,
MARIO RUI,POR,50,,,,
CEDRIC,POR,50,,,,
MANUEL FERNANDES,POR,50,,,,
RICARDO,POR,50,,,,
GONCALO GUEDES,POR,50,,,,
ADRIEN SILVA,POR,50,,,,
JOAO MARIO,POR,50,,,,
RICARDO QUARESMA,POR,50,,,,
ANDRE SILVA,POR,50,,,,
BETO,POR,50,,,GK,
CRISTIANO RONALDO,POR,50,,,,
WILLIAM,POR,50,,,,
PEPE,POR,50,,G55',,
ANTHONY LOPES,POR,50,,,GK,
BRUNO ALVES,POR,50,,,,
RUBEN DIAS,POR,50,,,,
RUI PATRICIO,POR,50,,,GK,
JOSE FONTE,POR,50,,,,
player_name,team_initials,Match_id,line_up,event,position,shirt_number
NANDEZ NAHITAN,URU,33,,,,
TORREIRA LUCAS,URU,33,,,,
DE ARRASCAETA GIORGIAN,URU,33,,,,
LAXALT DIEGO,URU,33,,,,
URRETAVISCAYA JONATHAN,URU,33,,,,
VARELA GUILLERMO,URU,33,,,,
GODIN DIEGO,URU,33,,,,
BENTANCUR RODRIGO,URU,33,,,,
PEREIRA MAXIMILIANO,URU,33,,,,
MUSLERA FERNANDO,URU,33,,,GK,
SANCHEZ CARLOS,URU,33,,,,
SILVA GASTON,URU,33,,,,
CACERES MARTIN,URU,33,,,,
GIMENEZ JOSE,URU,33,,,,
STUANI CRISTHIAN,URU,33,,,,
CAVANI EDINSON,URU,33,,G90',,
RODRIGUEZ CRISTIAN,URU,33,,,,
CAMPANA MARTIN,URU,33,,,GK,
VECINO MATIAS,URU,33,,,,
SILVA MARTIN,URU,33,,,GK,
SUAREZ LUIS,URU,33,,G10',,
GOMEZ MAXIMILIANO,URU,33,,,,
COATES SEBASTIAN,URU,33,,,,
MIRANCHUK ANTON,RUS,33,,,,
CHERYSHEV DENIS,RUS,33,,OG23',,
GOLOVIN ALEKSANDR,RUS,33,,,,
SMOLNIKOV IGOR,RUS,33,,,,
DZAGOEV ALAN,RUS,33,,,,
KUZIAEV DALER,RUS,33,,,,
SAMEDOV ALEXANDER,RUS,33,,,,
GAZINSKY IURY,RUS,33,,,,
ZHIRKOV YURY,RUS,33,,,,
ZOBNIN ROMAN,RUS,33,,,,
MIRANCHUK ALEXEY,RUS,33,,,,
KUDRIASHOV FEDOR,RUS,33,,,,
MARIO FERNANDES,RUS,33,,,,
SMOLOV FEDOR,RUS,33,,,,
EROKHIN ALEKSANDR,RUS,33,,,,
LUNEV ANDREI,RUS,33,,,GK,
GRANAT VLADIMIR,RUS,33,,,,
GABULOV VLADIMIR,RUS,33,,,GK,
KUTEPOV ILYA,RUS,33,,,,
AKINFEEV IGOR,RUS,33,,,GK,
IGNASHEVICH SERGEY,RUS,33,,,,
SEMENOV ANDREY,RUS,33,,,,
DZYUBA ARTEM,RUS,33,,,,